,Batsman,Out/Not_out,Runs,Balls,Minuts_of_play,4s,6s,Strike_Rate,Match,Team_Innings,Batting_position,Match_id
0,Rohit Sharma,out,47,31,44,4,3,151.61,India vs Australia,India,1,ODI # 4705
1,Shubman Gill,out,4,7,21,0,0,57.14,India vs Australia,India,2,ODI # 4705
2,Virat Kohli,out,54,63,99,4,0,85.71,India vs Australia,India,3,ODI # 4705
3,Shreyas Iyer,out,4,3,3,1,0,133.33,India vs Australia,India,4,ODI # 4705
4,KL Rahul,out,66,107,133,1,0,61.68,India vs Australia,India,5,ODI # 4705
5,Ravindra Jadeja,out,9,22,33,0,0,40.9,India vs Australia,India,6,ODI # 4705
6,Suryakumar Yadav,out,18,28,57,1,0,64.28,India vs Australia,India,7,ODI # 4705
7,Mohammed Shami,out,6,10,9,1,0,60,India vs Australia,India,8,ODI # 4705
8,Jasprit Bumrah,out,1,3,5,0,0,33.33,India vs Australia,India,9,ODI # 4705
9,Kuldeep Yadav,out,10,18,28,0,0,55.55,India vs Australia,India,10,ODI # 4705
10,Mohammed Siraj,not out,9,8,13,1,0,112.5,India vs Australia,India,11,ODI # 4705
11,Quinton de Kock,out,3,14,27,0,0,21.42,South Africa vs Australia,South Africa,1,ODI # 4704
12,Temba Bavuma,out,0,4,5,0,0,0,South Africa vs Australia,South Africa,2,ODI # 4704
13,Rassie van der Dussen,out,6,31,53,0,0,19.35,South Africa vs Australia,South Africa,3,ODI # 4704
14,Aiden Markram,out,10,20,24,2,0,50,South Africa vs Australia,South Africa,4,ODI # 4704
15,Heinrich Klaasen,out,47,48,76,4,2,97.91,South Africa vs Australia,South Africa,5,ODI # 4704
16,David Miller,out,101,116,138,8,5,87.06,South Africa vs Australia,South Africa,6,ODI # 4704
17,Marco Jansen,out,0,1,1,0,0,0,South Africa vs Australia,South Africa,7,ODI # 4704
18,Gerald Coetzee,out,19,39,42,2,0,48.71,South Africa vs Australia,South Africa,8,ODI # 4704
19,Keshav Maharaj,out,4,8,13,0,0,50,South Africa vs Australia,South Africa,9,ODI # 4704
20,Kagiso Rabada,out,10,12,18,0,1,83.33,South Africa vs Australia,South Africa,10,ODI # 4704
21,Tabraiz Shamsi,not out,1,5,11,0,0,20,South Africa vs Australia,South Africa,11,ODI # 4704
22,Rohit Sharma,out,47,29,40,4,4,162.06,India vs New Zealand,India,1,ODI # 4703
23,Shubman Gill,not out,80,66,116,8,3,121.21,India vs New Zealand,India,2,ODI # 4703
24,Virat Kohli,out,117,113,149,9,2,103.53,India vs New Zealand,India,3,ODI # 4703
25,Shreyas Iyer,out,105,70,114,4,8,150,India vs New Zealand,India,4,ODI # 4703
26,KL Rahul,not out,39,20,29,5,2,195,India vs New Zealand,India,5,ODI # 4703
27,Suryakumar Yadav,out,1,2,2,0,0,50,India vs New Zealand,India,5,ODI # 4703
28,Rohit Sharma,out,61,54,74,8,2,112.96,India vs Netherlands,India,1,ODI # 4702
29,Shubman Gill,out,51,32,49,3,4,159.37,India vs Netherlands,India,2,ODI # 4702
30,Virat Kohli,out,51,56,69,5,1,91.07,India vs Netherlands,India,3,ODI # 4702
31,Shreyas Iyer,not out,128,94,145,10,5,136.17,India vs Netherlands,India,4,ODI # 4702
32,KL Rahul,out,102,64,98,11,4,159.37,India vs Netherlands,India,5,ODI # 4702
33,Suryakumar Yadav,not out,2,1,1,0,0,200,India vs Netherlands,India,6,ODI # 4702
34,Dawid Malan,out,31,39,61,5,0,79.48,England vs Pakistan,England,1,ODI # 4701
35,Jonny Bairstow,out,59,61,81,7,1,96.72,England vs Pakistan,England,2,ODI # 4701
36,Joe Root,out,60,72,115,4,0,83.33,England vs Pakistan,England,3,ODI # 4701
37,Ben Stokes,out,84,76,85,11,2,110.52,England vs Pakistan,England,4,ODI # 4701
38,Jos Buttler†,out,27,18,39,3,1,150,England vs Pakistan,England,5,ODI # 4701
39,Harry Brook,out,30,17,24,2,2,176.47,England vs Pakistan,England,6,ODI # 4701
40,Moeen Ali,out,8,6,10,0,1,133.33,England vs Pakistan,England,7,ODI # 4701
41,Chris Woakes,not out,4,4,19,1,0,100,England vs Pakistan,England,8,ODI # 4701
42,David Willey,out,15,5,5,2,1,300,England vs Pakistan,England,9,ODI # 4701
43,Gus Atkinson,out,0,1,1,0,0,0,England vs Pakistan,England,10,ODI # 4701
44,Adil Rashid,not out,0,1,1,0,0,0,England vs Pakistan,England,11,ODI # 4701
45,Tanzid Hasan,out,36,34,55,6,0,105.88,Bangladesh vs Australia,Bangladesh,1,ODI # 4700
46,Litton Das,out,36,45,76,5,0,80,Bangladesh vs Australia,Bangladesh,2,ODI # 4700
47,Najmul Hossain Shanto,out,45,57,59,6,0,78.94,Bangladesh vs Australia,Bangladesh,3,ODI # 4700
48,Towhid Hridoy,out,74,79,121,5,2,93.67,Bangladesh vs Australia,Bangladesh,4,ODI # 4700
49,Mahmudullah,out,32,28,34,1,3,114.28,Bangladesh vs Australia,Bangladesh,5,ODI # 4700
50,Mushfiqur Rahim,out,21,24,27,0,1,87.5,Bangladesh vs Australia,Bangladesh,6,ODI # 4700
51,Mehidy Hasan Miraz,out,29,20,33,4,0,145,Bangladesh vs Australia,Bangladesh,7,ODI # 4700
52,Nasum Ahmed,out,7,11,15,0,0,63.63,Bangladesh vs Australia,Bangladesh,8,ODI # 4700
53,Mahedi Hasan,not out,2,3,4,0,0,66.66,Bangladesh vs Australia,Bangladesh,9,ODI # 4700
54,Taskin Ahmed,not out,0,1,2,0,0,0,Bangladesh vs Australia,Bangladesh,10,ODI # 4700
55,Rahmanullah Gurbaz,out,25,22,45,3,1,113.63,Afghanistan vs South Africa,Afghanistan,1,ODI # 4699
56,Ibrahim Zadran,out,15,30,52,3,0,50,Afghanistan vs South Africa,Afghanistan,2,ODI # 4699
57,Rahmat Shah,out,26,46,58,2,0,56.52,Afghanistan vs South Africa,Afghanistan,3,ODI # 4699
58,Hashmatullah Shahidi,out,2,7,5,0,0,28.57,Afghanistan vs South Africa,Afghanistan,4,ODI # 4699
59,Azmatullah Omarzai,not out,97,107,173,7,3,90.65,Afghanistan vs South Africa,Afghanistan,5,ODI # 4699
60,Ikram Alikhil,out,12,14,16,1,1,85.71,Afghanistan vs South Africa,Afghanistan,6,ODI # 4699
61,Mohammad Nabi,out,2,3,7,0,0,66.66,Afghanistan vs South Africa,Afghanistan,7,ODI # 4699
62,Rashid Khan,out,14,30,42,0,0,46.66,Afghanistan vs South Africa,Afghanistan,8,ODI # 4699
63,Noor Ahmad,out,26,32,36,4,0,81.25,Afghanistan vs South Africa,Afghanistan,9,ODI # 4699
64,Mujeeb Ur Rahman,out,8,5,7,0,1,160,Afghanistan vs South Africa,Afghanistan,10,ODI # 4699
65,Naveen-ul-Haq,out,2,4,12,0,0,50,Afghanistan vs South Africa,Afghanistan,11,ODI # 4699
66,Pathum Nissanka,out,2,8,9,0,0,25,Sri Lanka vs New Zealand,Sri Lanka,1,ODI # 4698
67,Kusal Perera,out,51,28,46,9,2,182.14,Sri Lanka vs New Zealand,Sri Lanka,2,ODI # 4698
68,Kusal Mendis†,out,6,7,11,1,0,85.71,Sri Lanka vs New Zealand,Sri Lanka,3,ODI # 4698
69,Sadeera Samarawickrama,out,1,2,2,0,0,50,Sri Lanka vs New Zealand,Sri Lanka,4,ODI # 4698
70,Charith Asalanka,out,8,8,16,1,0,100,Sri Lanka vs New Zealand,Sri Lanka,5,ODI # 4698
71,Angelo Mathews,out,16,27,33,2,0,59.25,Sri Lanka vs New Zealand,Sri Lanka,6,ODI # 4698
72,Dhananjaya de Silva,out,19,24,36,2,1,79.16,Sri Lanka vs New Zealand,Sri Lanka,7,ODI # 4698
73,Chamika Karunaratne,out,6,17,28,1,0,35.29,Sri Lanka vs New Zealand,Sri Lanka,8,ODI # 4698
74,Maheesh Theekshana,not out,38,91,109,3,0,41.75,Sri Lanka vs New Zealand,Sri Lanka,9,ODI # 4698
75,Dushmantha Chameera,out,1,20,32,0,0,5,Sri Lanka vs New Zealand,Sri Lanka,10,ODI # 4698
76,Dilshan Madushanka,out,19,48,56,2,0,39.58,Sri Lanka vs New Zealand,Sri Lanka,11,ODI # 4698
77,Jonny Bairstow,out,15,17,29,2,0,88.23,England vs Netherlands,England,1,ODI # 4697
78,Dawid Malan,out,87,74,92,10,2,117.56,England vs Netherlands,England,2,ODI # 4697
79,Joe Root,out,28,35,53,1,0,80,England vs Netherlands,England,3,ODI # 4697
80,Ben Stokes,out,108,84,136,6,6,128.57,England vs Netherlands,England,4,ODI # 4697
81,Harry Brook,out,11,16,19,2,0,68.75,England vs Netherlands,England,5,ODI # 4697
82,Jos Buttler†,out,5,11,12,0,0,45.45,England vs Netherlands,England,6,ODI # 4697
83,Moeen Ali,out,4,15,20,0,0,26.66,England vs Netherlands,England,7,ODI # 4697
84,Chris Woakes,out,51,45,66,5,1,113.33,England vs Netherlands,England,8,ODI # 4697
85,David Willey,out,6,2,1,0,1,300,England vs Netherlands,England,9,ODI # 4697
86,Gus Atkinson,not out,2,1,7,0,0,200,England vs Netherlands,England,10,ODI # 4697
87,Adil Rashid,not out,1,1,3,0,0,100,England vs Netherlands,England,11,ODI # 4697
88,Rahmanullah Gurbaz,out,21,25,38,2,0,84,Afghanistan vs Australia,Afghanistan,1,ODI # 4696
89,Ibrahim Zadran,not out,129,143,217,8,3,90.2,Afghanistan vs Australia,Afghanistan,2,ODI # 4696
90,Rahmat Shah,out,30,44,61,1,0,68.18,Afghanistan vs Australia,Afghanistan,3,ODI # 4696
91,Hashmatullah Shahidi,out,26,43,50,2,0,60.46,Afghanistan vs Australia,Afghanistan,4,ODI # 4696
92,Azmatullah Omarzai,out,22,18,23,1,2,122.22,Afghanistan vs Australia,Afghanistan,5,ODI # 4696
93,Mohammad Nabi,out,12,10,15,0,1,120,Afghanistan vs Australia,Afghanistan,6,ODI # 4696
94,Rashid Khan,not out,35,18,25,2,3,194.44,Afghanistan vs Australia,Afghanistan,7,ODI # 4696
95,Pathum Nissanka,out,41,36,61,8,0,113.88,Sri Lanka vs Bangladesh,Sri Lanka,1,ODI # 4695
96,Kusal Perera,out,4,5,5,1,0,80,Sri Lanka vs Bangladesh,Sri Lanka,2,ODI # 4695
97,Kusal Mendis†,out,19,30,49,1,1,63.33,Sri Lanka vs Bangladesh,Sri Lanka,3,ODI # 4695
98,Sadeera Samarawickrama,out,41,42,53,4,0,97.61,Sri Lanka vs Bangladesh,Sri Lanka,4,ODI # 4695
99,Charith Asalanka,out,108,105,159,6,5,102.85,Sri Lanka vs Bangladesh,Sri Lanka,5,ODI # 4695
100,Angelo Mathews,out,0,0,4,0,0,0,Sri Lanka vs Bangladesh,Sri Lanka,6,ODI # 4695
101,Dhananjaya de Silva,out,34,36,58,4,1,94.44,Sri Lanka vs Bangladesh,Sri Lanka,7,ODI # 4695
102,Maheesh Theekshana,out,21,31,35,3,0,67.74,Sri Lanka vs Bangladesh,Sri Lanka,8,ODI # 4695
103,Dushmantha Chameera,out,4,9,17,0,0,44.44,Sri Lanka vs Bangladesh,Sri Lanka,9,ODI # 4695
104,Kasun Rajitha,out,0,2,1,0,0,0,Sri Lanka vs Bangladesh,Sri Lanka,10,ODI # 4695
105,Dilshan Madushanka,not out,0,1,3,0,0,0,Sri Lanka vs Bangladesh,Sri Lanka,11,ODI # 4695
106,Rohit Sharma,out,40,24,32,6,2,166.66,India vs South Africa,India,1,ODI # 4694
107,Shubman Gill,out,23,24,54,4,1,95.83,India vs South Africa,India,2,ODI # 4694
108,Virat Kohli,not out,101,121,195,10,0,83.47,India vs South Africa,India,3,ODI # 4694
109,Shreyas Iyer,out,77,87,101,7,2,88.5,India vs South Africa,India,4,ODI # 4694
110,KL Rahul,out,8,17,29,0,0,47.05,India vs South Africa,India,5,ODI # 4694
111,Suryakumar Yadav,out,22,14,19,5,0,157.14,India vs South Africa,India,6,ODI # 4694
112,Ravindra Jadeja,not out,29,15,21,3,1,193.33,India vs South Africa,India,7,ODI # 4694
113,Travis Head,out,11,10,8,1,0,110,Australia vs England,Australia,1,ODI # 4693
114,David Warner,out,15,16,29,1,1,93.75,Australia vs England,Australia,2,ODI # 4693
115,Steven Smith,out,44,52,85,3,0,84.61,Australia vs England,Australia,3,ODI # 4693
116,Marnus Labuschagne,out,71,83,111,7,0,85.54,Australia vs England,Australia,4,ODI # 4693
117,Josh Inglis,out,3,6,5,0,0,50,Australia vs England,Australia,5,ODI # 4693
118,Cameron Green,out,47,52,81,5,0,90.38,Australia vs England,Australia,6,ODI # 4693
119,Marcus Stoinis,out,35,32,53,3,2,109.37,Australia vs England,Australia,7,ODI # 4693
120,Pat Cummins,out,10,13,17,1,0,76.92,Australia vs England,Australia,8,ODI # 4693
121,Mitchell Starc,out,10,13,30,0,0,76.92,Australia vs England,Australia,9,ODI # 4693
122,Adam Zampa,out,29,19,23,4,0,152.63,Australia vs England,Australia,10,ODI # 4693
123,Josh Hazlewood,not out,1,1,1,0,0,100,Australia vs England,Australia,11,ODI # 4693
124,Devon Conway,out,35,39,48,6,0,89.74,New Zealand vs Pakistan,New Zealand,1,ODI # 4692
125,Rachin Ravindra,out,108,94,170,15,1,114.89,New Zealand vs Pakistan,New Zealand,2,ODI # 4692
126,Kane Williamson,out,95,79,111,10,2,120.25,New Zealand vs Pakistan,New Zealand,3,ODI # 4692
127,Daryl Mitchell,out,29,18,32,4,1,161.11,New Zealand vs Pakistan,New Zealand,4,ODI # 4692
128,Mark Chapman,out,39,27,42,7,0,144.44,New Zealand vs Pakistan,New Zealand,5,ODI # 4692
129,Glenn Phillips,out,41,25,40,4,2,164,New Zealand vs Pakistan,New Zealand,6,ODI # 4692
130,Mitchell Santner,not out,26,17,27,0,2,152.94,New Zealand vs Pakistan,New Zealand,7,ODI # 4692
131,Tom Latham,not out,2,2,4,0,0,100,New Zealand vs Pakistan,New Zealand,8,ODI # 4692
132,Wesley Barresi,out,1,4,3,0,0,25,Netherlands vs Afghanistan,Netherlands,1,ODI # 4691
133,Max O'Dowd,out,42,40,50,9,0,105,Netherlands vs Afghanistan,Netherlands,2,ODI # 4691
134,Colin Ackermann,out,29,35,71,4,0,82.85,Netherlands vs Afghanistan,Netherlands,3,ODI # 4691
135,Sybrand Engelbrecht,out,58,86,85,6,0,67.44,Netherlands vs Afghanistan,Netherlands,4,ODI # 4691
136,Scott Edwards†,out,0,1,1,0,0,0,Netherlands vs Afghanistan,Netherlands,5,ODI # 4691
137,Bas de Leede,out,3,6,5,0,0,50,Netherlands vs Afghanistan,Netherlands,6,ODI # 4691
138,Saqib Zulfiqar,out,3,15,19,0,0,20,Netherlands vs Afghanistan,Netherlands,7,ODI # 4691
139,Logan van Beek,out,2,13,16,0,0,15.38,Netherlands vs Afghanistan,Netherlands,8,ODI # 4691
140,Roelof van der Merwe,out,11,33,36,0,0,33.33,Netherlands vs Afghanistan,Netherlands,9,ODI # 4691
141,Aryan Dutt,not out,10,22,42,0,0,45.45,Netherlands vs Afghanistan,Netherlands,10,ODI # 4691
142,Paul van Meekeren,out,4,24,18,0,0,16.66,Netherlands vs Afghanistan,Netherlands,11,ODI # 4691
143,Rohit Sharma,out,4,2,2,1,0,200,India vs Sri Lanka,India,1,ODI # 4690
144,Shubman Gill,out,92,92,136,11,2,100,India vs Sri Lanka,India,2,ODI # 4690
145,Virat Kohli,out,88,94,139,11,0,93.61,India vs Sri Lanka,India,3,ODI # 4690
146,Shreyas Iyer,out,82,56,84,3,6,146.42,India vs Sri Lanka,India,4,ODI # 4690
147,KL Rahul,out,21,19,34,2,0,110.52,India vs Sri Lanka,India,5,ODI # 4690
148,Suryakumar Yadav,out,12,9,13,2,0,133.33,India vs Sri Lanka,India,6,ODI # 4690
149,Ravindra Jadeja,out,35,24,41,1,1,145.83,India vs Sri Lanka,India,7,ODI # 4690
150,Mohammed Shami,out,2,4,11,0,0,50,India vs Sri Lanka,India,8,ODI # 4690
151,Jasprit Bumrah,not out,1,1,1,0,0,100,India vs Sri Lanka,India,9,ODI # 4690
152,Quinton de Kock,out,114,116,176,10,3,98.27,South Africa vs New Zealand,South Africa,1,ODI # 4689
153,Temba Bavuma,out,24,28,37,4,1,85.71,South Africa vs New Zealand,South Africa,2,ODI # 4689
154,Rassie van der Dussen,out,133,118,172,9,5,112.71,South Africa vs New Zealand,South Africa,3,ODI # 4689
155,David Miller,out,53,30,48,2,4,176.66,South Africa vs New Zealand,South Africa,4,ODI # 4689
156,Heinrich Klaasen,not out,15,7,13,1,1,214.28,South Africa vs New Zealand,South Africa,5,ODI # 4689
157,Aiden Markram,not out,6,1,1,0,1,600,South Africa vs New Zealand,South Africa,6,ODI # 4689
158,Tanzid Hasan,out,0,5,7,0,0,0,Bangladesh vs Pakistan,Bangladesh,1,ODI # 4688
159,Litton Das,out,45,64,100,6,0,70.31,Bangladesh vs Pakistan,Bangladesh,2,ODI # 4688
160,Najmul Hossain Shanto,out,4,3,8,1,0,133.33,Bangladesh vs Pakistan,Bangladesh,3,ODI # 4688
161,Mushfiqur Rahim,out,5,8,18,1,0,62.5,Bangladesh vs Pakistan,Bangladesh,4,ODI # 4688
162,Mahmudullah,out,56,70,108,6,1,80,Bangladesh vs Pakistan,Bangladesh,5,ODI # 4688
163,Shakib Al Hasan,out,43,64,82,4,0,67.18,Bangladesh vs Pakistan,Bangladesh,6,ODI # 4688
164,Towhid Hridoy,out,7,3,9,0,1,233.33,Bangladesh vs Pakistan,Bangladesh,7,ODI # 4688
165,Mehidy Hasan Miraz,out,25,30,50,1,1,83.33,Bangladesh vs Pakistan,Bangladesh,8,ODI # 4688
166,Taskin Ahmed,out,6,13,20,0,0,46.15,Bangladesh vs Pakistan,Bangladesh,9,ODI # 4688
167,Mustafizur Rahman,out,3,7,11,0,0,42.85,Bangladesh vs Pakistan,Bangladesh,10,ODI # 4688
168,Shoriful Islam,not out,1,4,8,0,0,25,Bangladesh vs Pakistan,Bangladesh,11,ODI # 4688
169,Pathum Nissanka,out,46,60,82,5,0,76.66,Sri Lanka vs Afghanistan,Sri Lanka,1,ODI # 4687
170,Dimuth Karunaratne,out,15,21,25,1,0,71.42,Sri Lanka vs Afghanistan,Sri Lanka,2,ODI # 4687
171,Kusal Mendis†,out,39,50,91,3,0,78,Sri Lanka vs Afghanistan,Sri Lanka,3,ODI # 4687
172,Sadeera Samarawickrama,out,36,40,42,3,0,90,Sri Lanka vs Afghanistan,Sri Lanka,4,ODI # 4687
173,Charith Asalanka,out,22,28,48,2,0,78.57,Sri Lanka vs Afghanistan,Sri Lanka,5,ODI # 4687
174,Dhananjaya de Silva,out,14,26,24,1,0,53.84,Sri Lanka vs Afghanistan,Sri Lanka,6,ODI # 4687
175,Angelo Mathews,out,23,26,61,1,1,88.46,Sri Lanka vs Afghanistan,Sri Lanka,7,ODI # 4687
176,Dushmantha Chameera,out,1,4,5,0,0,25,Sri Lanka vs Afghanistan,Sri Lanka,8,ODI # 4687
177,Maheesh Theekshana,out,29,31,31,3,1,93.54,Sri Lanka vs Afghanistan,Sri Lanka,9,ODI # 4687
178,Kasun Rajitha,out,5,7,14,0,0,71.42,Sri Lanka vs Afghanistan,Sri Lanka,10,ODI # 4687
179,Dilshan Madushanka,not out,0,4,5,0,0,0,Sri Lanka vs Afghanistan,Sri Lanka,11,ODI # 4687
180,Rohit Sharma,out,87,101,162,10,3,86.13,India vs England,India,1,ODI # 4686
181,Shubman Gill,out,9,13,18,1,0,69.23,India vs England,India,2,ODI # 4686
182,Virat Kohli,out,0,9,12,0,0,0,India vs England,India,3,ODI # 4686
183,Shreyas Iyer,out,4,16,21,0,0,25,India vs England,India,4,ODI # 4686
184,KL Rahul,out,39,58,77,3,0,67.24,India vs England,India,5,ODI # 4686
185,Suryakumar Yadav,out,49,47,75,4,1,104.25,India vs England,India,6,ODI # 4686
186,Ravindra Jadeja,out,8,13,14,0,0,61.53,India vs England,India,7,ODI # 4686
187,Mohammed Shami,out,1,5,4,0,0,20,India vs England,India,8,ODI # 4686
188,Jasprit Bumrah,out,16,25,44,1,0,64,India vs England,India,9,ODI # 4686
189,Kuldeep Yadav,not out,9,13,18,1,0,69.23,India vs England,India,10,ODI # 4686
190,Vikramjit Singh,out,3,9,7,0,0,33.33,Netherlands vs Bangladesh,Netherlands,1,ODI # 4685
191,Max O'Dowd,out,0,3,11,0,0,0,Netherlands vs Bangladesh,Netherlands,2,ODI # 4685
192,Wesley Barresi,out,41,41,49,8,0,100,Netherlands vs Bangladesh,Netherlands,3,ODI # 4685
193,Colin Ackermann,out,15,33,50,1,0,45.45,Netherlands vs Bangladesh,Netherlands,4,ODI # 4685
194,Scott Edwards†,out,68,89,122,6,0,76.4,Netherlands vs Bangladesh,Netherlands,5,ODI # 4685
195,Bas de Leede,out,17,32,49,2,0,53.12,Netherlands vs Bangladesh,Netherlands,6,ODI # 4685
196,Sybrand Engelbrecht,out,35,61,72,3,0,57.37,Netherlands vs Bangladesh,Netherlands,7,ODI # 4685
197,Logan van Beek,not out,23,16,33,2,1,143.75,Netherlands vs Bangladesh,Netherlands,8,ODI # 4685
198,Shariz Ahmad,out,6,8,13,0,0,75,Netherlands vs Bangladesh,Netherlands,9,ODI # 4685
199,Aryan Dutt,out,9,6,7,0,1,150,Netherlands vs Bangladesh,Netherlands,10,ODI # 4685
200,Paul van Meekeren,out,0,2,6,0,0,0,Netherlands vs Bangladesh,Netherlands,11,ODI # 4685
201,David Warner,out,81,65,77,5,6,124.61,Australia vs New Zealand,Australia,1,ODI # 4684
202,Travis Head,out,109,67,94,10,7,162.68,Australia vs New Zealand,Australia,2,ODI # 4684
203,Mitchell Marsh,out,36,51,65,2,0,70.58,Australia vs New Zealand,Australia,3,ODI # 4684
204,Steven Smith,out,18,17,19,2,0,105.88,Australia vs New Zealand,Australia,4,ODI # 4684
205,Marnus Labuschagne,out,18,26,36,2,0,69.23,Australia vs New Zealand,Australia,5,ODI # 4684
206,Glenn Maxwell,out,41,24,37,5,2,170.83,Australia vs New Zealand,Australia,6,ODI # 4684
207,Josh Inglis,out,38,28,48,4,1,135.71,Australia vs New Zealand,Australia,7,ODI # 4684
208,Pat Cummins,out,37,14,23,2,4,264.28,Australia vs New Zealand,Australia,8,ODI # 4684
209,Mitchell Starc,out,1,3,7,0,0,33.33,Australia vs New Zealand,Australia,9,ODI # 4684
210,Adam Zampa,out,0,3,2,0,0,0,Australia vs New Zealand,Australia,10,ODI # 4684
211,Josh Hazlewood,not out,0,0,1,0,0,0,Australia vs New Zealand,Australia,11,ODI # 4684
212,Abdullah Shafique,out,9,17,21,1,0,52.94,Pakistan vs South Africa,Pakistan,1,ODI # 4683
213,Imam-ul-Haq,out,12,18,35,2,0,66.66,Pakistan vs South Africa,Pakistan,2,ODI # 4683
214,Babar Azam,out,50,65,100,4,1,76.92,Pakistan vs South Africa,Pakistan,3,ODI # 4683
215,Mohammad Rizwan,out,31,27,35,4,1,114.81,Pakistan vs South Africa,Pakistan,4,ODI # 4683
216,Iftikhar Ahmed,out,21,31,38,1,1,67.74,Pakistan vs South Africa,Pakistan,5,ODI # 4683
217,Saud Shakeel,out,52,52,81,7,0,100,Pakistan vs South Africa,Pakistan,6,ODI # 4683
218,Shadab Khan,out,43,36,53,3,2,119.44,Pakistan vs South Africa,Pakistan,7,ODI # 4683
219,Mohammad Nawaz,out,24,24,32,1,2,100,Pakistan vs South Africa,Pakistan,8,ODI # 4683
220,Shaheen Shah Afridi,out,2,4,10,0,0,50,Pakistan vs South Africa,Pakistan,9,ODI # 4683
221,Mohammad Wasim,out,7,9,13,0,1,77.77,Pakistan vs South Africa,Pakistan,10,ODI # 4683
222,Haris Rauf,not out,0,1,5,0,0,0,Pakistan vs South Africa,Pakistan,11,ODI # 4683
223,Jonny Bairstow,out,30,31,64,3,0,96.77,England vs Sri Lanka,England,1,ODI # 4682
224,Dawid Malan,out,28,25,32,6,0,112,England vs Sri Lanka,England,2,ODI # 4682
225,Joe Root,out,3,10,14,0,0,30,England vs Sri Lanka,England,3,ODI # 4682
226,Ben Stokes,out,43,73,98,6,0,58.9,England vs Sri Lanka,England,4,ODI # 4682
227,Jos Buttler†,out,8,6,6,1,0,133.33,England vs Sri Lanka,England,5,ODI # 4682
228,Liam Livingstone,out,1,6,9,0,0,16.66,England vs Sri Lanka,England,6,ODI # 4682
229,Moeen Ali,out,15,15,33,1,0,100,England vs Sri Lanka,England,7,ODI # 4682
230,Chris Woakes,out,0,4,8,0,0,0,England vs Sri Lanka,England,8,ODI # 4682
231,David Willey,not out,14,17,34,1,1,82.35,England vs Sri Lanka,England,9,ODI # 4682
232,Adil Rashid,out,2,7,7,0,0,28.57,England vs Sri Lanka,England,10,ODI # 4682
233,Mark Wood,out,5,6,6,1,0,83.33,England vs Sri Lanka,England,11,ODI # 4682
234,Mitchell Marsh,out,9,15,15,2,0,60,Australia vs Netherlands,Australia,1,ODI # 4681
235,David Warner,out,104,93,182,11,3,111.82,Australia vs Netherlands,Australia,2,ODI # 4681
236,Steven Smith,out,71,68,88,9,1,104.41,Australia vs Netherlands,Australia,3,ODI # 4681
237,Marnus Labuschagne,out,62,47,60,7,2,131.91,Australia vs Netherlands,Australia,4,ODI # 4681
238,Josh Inglis,out,14,12,12,1,1,116.66,Australia vs Netherlands,Australia,5,ODI # 4681
239,Glenn Maxwell,out,106,44,53,9,8,240.9,Australia vs Netherlands,Australia,6,ODI # 4681
240,Cameron Green,out,8,11,15,1,0,72.72,Australia vs Netherlands,Australia,7,ODI # 4681
241,Pat Cummins,not out,12,9,39,2,0,133.33,Australia vs Netherlands,Australia,8,ODI # 4681
242,Mitchell Starc,out,0,1,1,0,0,0,Australia vs Netherlands,Australia,9,ODI # 4681
243,Adam Zampa,not out,1,1,2,0,0,100,Australia vs Netherlands,Australia,10,ODI # 4681
244,Quinton de Kock,out,174,140,192,15,7,124.28,South Africa vs Bangladesh,South Africa,1,ODI # 4680
245,Reeza Hendricks,out,12,19,24,1,0,63.15,South Africa vs Bangladesh,South Africa,2,ODI # 4680
246,Rassie van der Dussen,out,1,7,6,0,0,14.28,South Africa vs Bangladesh,South Africa,3,ODI # 4680
247,Aiden Markram,out,60,69,84,7,0,86.95,South Africa vs Bangladesh,South Africa,4,ODI # 4680
248,Heinrich Klaasen,out,90,49,94,2,8,183.67,South Africa vs Bangladesh,South Africa,5,ODI # 4680
249,David Miller,not out,34,15,26,1,4,226.66,South Africa vs Bangladesh,South Africa,6,ODI # 4680
250,Marco Jansen,not out,1,1,3,0,0,100,South Africa vs Bangladesh,South Africa,7,ODI # 4680
251,Abdullah Shafique,out,58,75,89,5,2,77.33,Pakistan vs Afghanistan,Pakistan,1,ODI # 4679
252,Imam-ul-Haq,out,17,22,44,2,0,77.27,Pakistan vs Afghanistan,Pakistan,2,ODI # 4679
253,Babar Azam,out,74,92,121,4,1,80.43,Pakistan vs Afghanistan,Pakistan,3,ODI # 4679
254,Mohammad Rizwan,out,8,10,8,0,1,80,Pakistan vs Afghanistan,Pakistan,4,ODI # 4679
255,Saud Shakeel,out,25,34,35,3,0,73.52,Pakistan vs Afghanistan,Pakistan,5,ODI # 4679
256,Shadab Khan,out,40,38,75,1,1,105.26,Pakistan vs Afghanistan,Pakistan,6,ODI # 4679
257,Iftikhar Ahmed,out,40,27,40,2,4,148.14,Pakistan vs Afghanistan,Pakistan,7,ODI # 4679
258,Shaheen Shah Afridi,not out,3,3,4,0,0,100,Pakistan vs Afghanistan,Pakistan,8,ODI # 4679
259,Devon Conway,out,0,9,16,0,0,0,New Zealand vs India,New Zealand,1,ODI # 4678
260,Will Young,out,17,27,41,3,0,62.96,New Zealand vs India,New Zealand,2,ODI # 4678
261,Rachin Ravindra,out,75,87,133,6,1,86.2,New Zealand vs India,New Zealand,3,ODI # 4678
262,Daryl Mitchell,out,130,127,192,9,5,102.36,New Zealand vs India,New Zealand,4,ODI # 4678
263,Tom Latham†,out,5,7,16,1,0,71.42,New Zealand vs India,New Zealand,5,ODI # 4678
264,Glenn Phillips,out,23,26,36,0,1,88.46,New Zealand vs India,New Zealand,6,ODI # 4678
265,Mark Chapman,out,6,8,11,0,0,75,New Zealand vs India,New Zealand,7,ODI # 4678
266,Mitchell Santner,out,1,2,3,0,0,50,New Zealand vs India,New Zealand,8,ODI # 4678
267,Matt Henry,out,0,1,1,0,0,0,New Zealand vs India,New Zealand,9,ODI # 4678
268,Lockie Ferguson,out,1,5,12,0,0,20,New Zealand vs India,New Zealand,10,ODI # 4678
269,Trent Boult,not out,0,1,1,0,0,0,New Zealand vs India,New Zealand,11,ODI # 4678
270,Quinton de Kock,out,4,2,3,1,0,200,South Africa vs England,South Africa,1,ODI # 4677
271,Reeza Hendricks,out,85,75,111,9,3,113.33,South Africa vs England,South Africa,2,ODI # 4677
272,Rassie van der Dussen,out,60,61,86,8,0,98.36,South Africa vs England,South Africa,3,ODI # 4677
273,Aiden Markram,out,42,44,63,4,0,95.45,South Africa vs England,South Africa,4,ODI # 4677
274,Heinrich Klaasen,out,109,67,119,12,4,162.68,South Africa vs England,South Africa,5,ODI # 4677
275,David Miller,out,5,6,7,1,0,83.33,South Africa vs England,South Africa,6,ODI # 4677
276,Marco Jansen,not out,75,42,72,3,6,178.57,South Africa vs England,South Africa,7,ODI # 4677
277,Gerald Coetzee,out,3,3,2,0,0,100,South Africa vs England,South Africa,8,ODI # 4677
278,Keshav Maharaj,not out,1,1,1,0,0,100,South Africa vs England,South Africa,9,ODI # 4677
279,Vikramjit Singh,out,4,13,17,1,0,30.76,Netherlands vs Sri Lanka,Netherlands,1,ODI # 4676
280,Max O'Dowd,out,16,27,50,1,1,59.25,Netherlands vs Sri Lanka,Netherlands,2,ODI # 4676
281,Colin Ackermann,out,29,31,42,5,0,93.54,Netherlands vs Sri Lanka,Netherlands,3,ODI # 4676
282,Bas de Leede,out,6,21,33,0,0,28.57,Netherlands vs Sri Lanka,Netherlands,4,ODI # 4676
283,Teja Nidamanuru,out,9,16,32,0,0,56.25,Netherlands vs Sri Lanka,Netherlands,5,ODI # 4676
284,Scott Edwards†,out,16,16,22,0,0,100,Netherlands vs Sri Lanka,Netherlands,6,ODI # 4676
285,Sybrand Engelbrecht,out,70,82,100,4,1,85.36,Netherlands vs Sri Lanka,Netherlands,7,ODI # 4676
286,Logan van Beek,out,59,75,108,1,1,78.66,Netherlands vs Sri Lanka,Netherlands,8,ODI # 4676
287,Roelof van der Merwe,out,7,7,12,0,0,100,Netherlands vs Sri Lanka,Netherlands,9,ODI # 4676
288,Aryan Dutt,not out,9,6,14,1,0,150,Netherlands vs Sri Lanka,Netherlands,10,ODI # 4676
289,Paul van Meekeren,out,4,5,6,0,0,80,Netherlands vs Sri Lanka,Netherlands,11,ODI # 4676
290,David Warner,out,163,124,180,14,9,131.45,Australia vs Pakistan,Australia,1,ODI # 4675
291,Mitchell Marsh,out,121,108,139,10,9,112.03,Australia vs Pakistan,Australia,2,ODI # 4675
292,Glenn Maxwell,out,0,1,1,0,0,0,Australia vs Pakistan,Australia,3,ODI # 4675
293,Steven Smith,out,7,9,17,0,0,77.77,Australia vs Pakistan,Australia,4,ODI # 4675
294,Marcus Stoinis,out,21,24,46,1,1,87.5,Australia vs Pakistan,Australia,5,ODI # 4675
295,Josh Inglis,out,13,9,10,3,0,144.44,Australia vs Pakistan,Australia,6,ODI # 4675
296,Marnus Labuschagne,out,8,12,23,1,0,66.66,Australia vs Pakistan,Australia,7,ODI # 4675
297,Pat Cummins,not out,6,8,17,0,0,75,Australia vs Pakistan,Australia,8,ODI # 4675
298,Mitchell Starc,out,2,3,3,0,0,66.66,Australia vs Pakistan,Australia,9,ODI # 4675
299,Josh Hazlewood,out,0,1,1,0,0,0,Australia vs Pakistan,Australia,10,ODI # 4675
300,Adam Zampa,not out,1,1,4,0,0,100,Australia vs Pakistan,Australia,11,ODI # 4675
301,Tanzid Hasan,out,51,43,75,5,3,118.6,Bangladesh vs India,Bangladesh,1,ODI # 4674
302,Litton Das,out,66,82,124,7,0,80.48,Bangladesh vs India,Bangladesh,2,ODI # 4674
303,Najmul Hossain Shanto,out,8,17,18,0,0,47.05,Bangladesh vs India,Bangladesh,3,ODI # 4674
304,Mehidy Hasan Miraz,out,3,13,15,0,0,23.07,Bangladesh vs India,Bangladesh,4,ODI # 4674
305,Towhid Hridoy,out,16,35,54,0,0,45.71,Bangladesh vs India,Bangladesh,5,ODI # 4674
306,Mushfiqur Rahim,out,38,46,60,1,1,82.6,Bangladesh vs India,Bangladesh,6,ODI # 4674
307,Mahmudullah,out,46,36,60,3,3,127.77,Bangladesh vs India,Bangladesh,7,ODI # 4674
308,Nasum Ahmed,out,14,18,21,2,0,77.77,Bangladesh vs India,Bangladesh,8,ODI # 4674
309,Mustafizur Rahman,not out,1,7,19,0,0,14.28,Bangladesh vs India,Bangladesh,9,ODI # 4674
310,Shoriful Islam,not out,7,3,2,0,1,233.33,Bangladesh vs India,Bangladesh,10,ODI # 4674
311,Devon Conway,out,20,18,27,3,0,111.11,New Zealand vs Afghanistan,New Zealand,1,ODI # 4673
312,Will Young,out,54,64,98,4,3,84.37,New Zealand vs Afghanistan,New Zealand,2,ODI # 4673
313,Rachin Ravindra,out,32,41,64,2,1,78.04,New Zealand vs Afghanistan,New Zealand,3,ODI # 4673
314,Daryl Mitchell,out,1,7,6,0,0,14.28,New Zealand vs Afghanistan,New Zealand,4,ODI # 4673
315,Tom Latham†,out,68,74,114,3,2,91.89,New Zealand vs Afghanistan,New Zealand,5,ODI # 4673
316,Glenn Phillips,out,71,80,109,4,4,88.75,New Zealand vs Afghanistan,New Zealand,6,ODI # 4673
317,Mark Chapman,not out,25,12,15,2,1,208.33,New Zealand vs Afghanistan,New Zealand,7,ODI # 4673
318,Mitchell Santner,not out,7,5,13,1,0,140,New Zealand vs Afghanistan,New Zealand,8,ODI # 4673
319,Vikramjit Singh,out,2,16,28,0,0,12.5,Netherlands vs South Africa,Netherlands,1,ODI # 4672
320,Max O'Dowd,out,18,25,33,4,0,72,Netherlands vs South Africa,Netherlands,2,ODI # 4672
321,Colin Ackermann,out,12,25,40,1,0,48,Netherlands vs South Africa,Netherlands,3,ODI # 4672
322,Bas de Leede,out,2,7,16,0,0,28.57,Netherlands vs South Africa,Netherlands,4,ODI # 4672
323,Sybrand Engelbrecht,out,19,37,41,1,1,51.35,Netherlands vs South Africa,Netherlands,5,ODI # 4672
324,Teja Nidamanuru,out,20,25,56,3,0,80,Netherlands vs South Africa,Netherlands,6,ODI # 4672
325,Scott Edwards†,not out,78,69,102,10,1,113.04,Netherlands vs South Africa,Netherlands,7,ODI # 4672
326,Logan van Beek,out,10,27,22,1,0,37.03,Netherlands vs South Africa,Netherlands,8,ODI # 4672
327,Roelof van der Merwe,out,29,19,30,3,1,152.63,Netherlands vs South Africa,Netherlands,9,ODI # 4672
328,Aryan Dutt,not out,23,9,14,0,3,255.55,Netherlands vs South Africa,Netherlands,10,ODI # 4672
329,Pathum Nissanka,out,61,67,103,8,0,91.04,Sri Lanka vs Australia,Sri Lanka,1,ODI # 4671
330,Kusal Perera,out,78,82,123,12,0,95.12,Sri Lanka vs Australia,Sri Lanka,2,ODI # 4671
331,Kusal Mendis†,out,9,13,27,0,0,69.23,Sri Lanka vs Australia,Sri Lanka,3,ODI # 4671
332,Sadeera Samarawickrama,out,8,8,15,1,0,100,Sri Lanka vs Australia,Sri Lanka,4,ODI # 4671
333,Charith Asalanka,out,25,39,75,0,1,64.1,Sri Lanka vs Australia,Sri Lanka,5,ODI # 4671
334,Dhananjaya de Silva,out,7,13,13,1,0,53.84,Sri Lanka vs Australia,Sri Lanka,6,ODI # 4671
335,Dunith Wellalage,out,2,9,9,0,0,22.22,Sri Lanka vs Australia,Sri Lanka,7,ODI # 4671
336,Chamika Karunaratne,out,2,11,12,0,0,18.18,Sri Lanka vs Australia,Sri Lanka,8,ODI # 4671
337,Maheesh Theekshana,out,0,5,7,0,0,0,Sri Lanka vs Australia,Sri Lanka,9,ODI # 4671
338,Lahiru Kumara,out,4,8,6,1,0,50,Sri Lanka vs Australia,Sri Lanka,10,ODI # 4671
339,Dilshan Madushanka,not out,0,6,12,0,0,0,Sri Lanka vs Australia,Sri Lanka,11,ODI # 4671
340,Rahmanullah Gurbaz,out,80,57,87,8,4,140.35,Afghanistan vs England,Afghanistan,1,ODI # 4670
341,Ibrahim Zadran,out,28,48,73,3,0,58.33,Afghanistan vs England,Afghanistan,2,ODI # 4670
342,Rahmat Shah,out,3,8,10,0,0,37.5,Afghanistan vs England,Afghanistan,3,ODI # 4670
343,Hashmatullah Shahidi,out,14,36,46,0,0,38.88,Afghanistan vs England,Afghanistan,4,ODI # 4670
344,Azmatullah Omarzai,out,19,24,25,1,1,79.16,Afghanistan vs England,Afghanistan,5,ODI # 4670
345,Ikram Alikhil,out,58,66,92,3,2,87.87,Afghanistan vs England,Afghanistan,6,ODI # 4670
346,Mohammad Nabi,out,9,15,14,1,0,60,Afghanistan vs England,Afghanistan,7,ODI # 4670
347,Rashid Khan,out,23,22,37,3,0,104.54,Afghanistan vs England,Afghanistan,8,ODI # 4670
348,Mujeeb Ur Rahman,out,28,16,22,3,1,175,Afghanistan vs England,Afghanistan,9,ODI # 4670
349,Naveen-ul-Haq,out,5,6,9,1,0,83.33,Afghanistan vs England,Afghanistan,10,ODI # 4670
350,Fazalhaq Farooqi,not out,2,4,7,0,0,50,Afghanistan vs England,Afghanistan,11,ODI # 4670
351,Abdullah Shafique,out,20,24,39,3,0,83.33,Pakistan vs India,Pakistan,1,ODI # 4669
352,Imam-ul-Haq,out,36,38,64,6,0,94.73,Pakistan vs India,Pakistan,2,ODI # 4669
353,Babar Azam,out,50,58,89,7,0,86.2,Pakistan vs India,Pakistan,3,ODI # 4669
354,Mohammad Rizwan,out,49,69,89,7,0,71.01,Pakistan vs India,Pakistan,4,ODI # 4669
355,Saud Shakeel,out,6,10,12,0,0,60,Pakistan vs India,Pakistan,5,ODI # 4669
356,Iftikhar Ahmed,out,4,4,2,1,0,100,Pakistan vs India,Pakistan,6,ODI # 4669
357,Shadab Khan,out,2,5,11,0,0,40,Pakistan vs India,Pakistan,7,ODI # 4669
358,Mohammad Nawaz,out,4,14,25,0,0,28.57,Pakistan vs India,Pakistan,8,ODI # 4669
359,Hasan Ali,out,12,19,21,2,0,63.15,Pakistan vs India,Pakistan,9,ODI # 4669
360,Shaheen Shah Afridi,not out,2,10,12,0,0,20,Pakistan vs India,Pakistan,10,ODI # 4669
361,Haris Rauf,out,2,6,9,0,0,33.33,Pakistan vs India,Pakistan,11,ODI # 4669
362,Litton Das,out,0,1,1,0,0,0,Bangladesh vs New Zealand,Bangladesh,1,ODI # 4668
363,Tanzid Hasan,out,16,17,37,4,0,94.11,Bangladesh vs New Zealand,Bangladesh,2,ODI # 4668
364,Mehidy Hasan Miraz,out,30,46,52,4,0,65.21,Bangladesh vs New Zealand,Bangladesh,3,ODI # 4668
365,Najmul Hossain Shanto,out,7,8,20,1,0,87.5,Bangladesh vs New Zealand,Bangladesh,4,ODI # 4668
366,Shakib Al Hasan,out,40,51,75,3,2,78.43,Bangladesh vs New Zealand,Bangladesh,5,ODI # 4668
367,Mushfiqur Rahim,out,66,75,93,6,2,88,Bangladesh vs New Zealand,Bangladesh,6,ODI # 4668
368,Towhid Hridoy,out,13,25,30,0,0,52,Bangladesh vs New Zealand,Bangladesh,7,ODI # 4668
369,Mahmudullah,not out,41,49,58,2,2,83.67,Bangladesh vs New Zealand,Bangladesh,8,ODI # 4668
370,Taskin Ahmed,out,17,19,25,0,2,89.47,Bangladesh vs New Zealand,Bangladesh,9,ODI # 4668
371,Mustafizur Rahman,out,4,10,14,0,0,40,Bangladesh vs New Zealand,Bangladesh,10,ODI # 4668
372,Shoriful Islam,not out,2,3,9,0,0,66.66,Bangladesh vs New Zealand,Bangladesh,11,ODI # 4668
373,Quinton de Kock,out,109,106,147,8,5,102.83,South Africa vs Australia,South Africa,1,ODI # 4667
374,Temba Bavuma,out,35,55,84,2,0,63.63,South Africa vs Australia,South Africa,2,ODI # 4667
375,Rassie van der Dussen,out,26,30,33,2,0,86.66,South Africa vs Australia,South Africa,3,ODI # 4667
376,Aiden Markram,out,56,44,61,7,1,127.27,South Africa vs Australia,South Africa,4,ODI # 4667
377,Heinrich Klaasen,out,29,27,40,3,0,107.4,South Africa vs Australia,South Africa,5,ODI # 4667
378,David Miller,out,17,13,35,1,1,130.76,South Africa vs Australia,South Africa,6,ODI # 4667
379,Marco Jansen,out,26,22,25,3,1,118.18,South Africa vs Australia,South Africa,7,ODI # 4667
380,Kagiso Rabada,not out,0,1,4,0,0,0,South Africa vs Australia,South Africa,8,ODI # 4667
381,Keshav Maharaj,not out,0,2,1,0,0,0,South Africa vs Australia,South Africa,9,ODI # 4667
382,Rahmanullah Gurbaz,out,21,28,65,3,1,75,Afghanistan vs India,Afghanistan,1,ODI # 4666
383,Ibrahim Zadran,out,22,28,31,4,0,78.57,Afghanistan vs India,Afghanistan,2,ODI # 4666
384,Rahmat Shah,out,16,22,37,3,0,72.72,Afghanistan vs India,Afghanistan,3,ODI # 4666
385,Hashmatullah Shahidi,out,80,88,128,8,1,90.9,Afghanistan vs India,Afghanistan,4,ODI # 4666
386,Azmatullah Omarzai,out,62,69,82,2,4,89.85,Afghanistan vs India,Afghanistan,5,ODI # 4666
387,Mohammad Nabi,out,19,27,52,1,0,70.37,Afghanistan vs India,Afghanistan,6,ODI # 4666
388,Najibullah Zadran,out,2,8,6,0,0,25,Afghanistan vs India,Afghanistan,7,ODI # 4666
389,Rashid Khan,out,16,12,18,1,1,133.33,Afghanistan vs India,Afghanistan,8,ODI # 4666
390,Mujeeb Ur Rahman,not out,10,12,22,2,0,83.33,Afghanistan vs India,Afghanistan,9,ODI # 4666
391,Naveen-ul-Haq,not out,9,8,8,1,0,112.5,Afghanistan vs India,Afghanistan,10,ODI # 4666
392,Pathum Nissanka,out,51,61,79,7,1,83.6,Sri Lanka vs Pakistan,Sri Lanka,1,ODI # 4665
393,Kusal Perera,out,0,4,7,0,0,0,Sri Lanka vs Pakistan,Sri Lanka,2,ODI # 4665
394,Kusal Mendis,out,122,77,124,14,6,158.44,Sri Lanka vs Pakistan,Sri Lanka,3,ODI # 4665
395,Sadeera Samarawickrama,out,108,89,139,11,2,121.34,Sri Lanka vs Pakistan,Sri Lanka,4,ODI # 4665
396,Charith Asalanka,out,1,3,5,0,0,33.33,Sri Lanka vs Pakistan,Sri Lanka,5,ODI # 4665
397,Dhananjaya de Silva,out,25,34,47,3,0,73.52,Sri Lanka vs Pakistan,Sri Lanka,6,ODI # 4665
398,Dasun Shanaka,out,12,18,23,0,0,66.66,Sri Lanka vs Pakistan,Sri Lanka,7,ODI # 4665
399,Dunith Wellalage,out,10,8,18,1,0,125,Sri Lanka vs Pakistan,Sri Lanka,8,ODI # 4665
400,Maheesh Theekshana,out,0,4,6,0,0,0,Sri Lanka vs Pakistan,Sri Lanka,9,ODI # 4665
401,Matheesha Pathirana,not out,1,3,3,0,0,33.33,Sri Lanka vs Pakistan,Sri Lanka,10,ODI # 4665
402,Jonny Bairstow,out,52,59,80,8,0,88.13,England vs Bangladesh,England,1,ODI # 4664
403,Dawid Malan,out,140,107,106,16,5,130.84,England vs Bangladesh,England,2,ODI # 4664
404,Joe Root,out,82,68,107,8,1,120.58,England vs Bangladesh,England,3,ODI # 4664
405,Jos Buttler†,out,20,10,11,1,1,200,England vs Bangladesh,England,4,ODI # 4664
406,Harry Brook,out,20,15,23,3,0,133.33,England vs Bangladesh,England,5,ODI # 4664
407,Liam Livingstone,out,0,1,1,0,0,0,England vs Bangladesh,England,6,ODI # 4664
408,Sam Curran,out,11,15,20,1,0,73.33,England vs Bangladesh,England,7,ODI # 4664
409,Chris Woakes,out,14,11,21,2,0,127.27,England vs Bangladesh,England,8,ODI # 4664
410,Adil Rashid,out,11,7,8,1,0,157.14,England vs Bangladesh,England,9,ODI # 4664
411,Mark Wood,not out,6,5,6,1,0,120,England vs Bangladesh,England,10,ODI # 4664
412,Reece Topley,not out,1,2,2,0,0,50,England vs Bangladesh,England,11,ODI # 4664
413,Devon Conway,out,32,40,51,5,1,80,New Zealand vs Netherlands,New Zealand,1,ODI # 4663
414,Will Young,out,70,80,106,7,2,87.5,New Zealand vs Netherlands,New Zealand,2,ODI # 4663
415,Rachin Ravindra,out,51,51,87,3,1,100,New Zealand vs Netherlands,New Zealand,3,ODI # 4663
416,Daryl Mitchell,out,48,47,67,5,2,102.12,New Zealand vs Netherlands,New Zealand,4,ODI # 4663
417,Tom Latham†,out,53,46,72,6,1,115.21,New Zealand vs Netherlands,New Zealand,5,ODI # 4663
418,Glenn Phillips,out,4,4,6,1,0,100,New Zealand vs Netherlands,New Zealand,6,ODI # 4663
419,Mark Chapman,out,5,13,11,0,0,38.46,New Zealand vs Netherlands,New Zealand,7,ODI # 4663
420,Mitchell Santner,not out,36,17,25,3,2,211.76,New Zealand vs Netherlands,New Zealand,8,ODI # 4663
421,Matt Henry,not out,10,4,6,0,1,250,New Zealand vs Netherlands,New Zealand,9,ODI # 4663
422,David Warner,out,41,52,76,6,0,78.84,Australia vs India,Australia,1,ODI # 4662
423,Mitchell Marsh,out,0,6,11,0,0,0,Australia vs India,Australia,2,ODI # 4662
424,Steven Smith,out,46,71,112,5,0,64.78,Australia vs India,Australia,3,ODI # 4662
425,Marnus Labuschagne,out,27,41,58,1,0,65.85,Australia vs India,Australia,4,ODI # 4662
426,Glenn Maxwell,out,15,25,44,1,0,60,Australia vs India,Australia,5,ODI # 4662
427,Alex Carey,out,0,2,1,0,0,0,Australia vs India,Australia,6,ODI # 4662
428,Cameron Green,out,8,20,31,0,0,40,Australia vs India,Australia,7,ODI # 4662
429,Pat Cummins,out,15,24,26,1,1,62.5,Australia vs India,Australia,8,ODI # 4662
430,Mitchell Starc,out,28,35,58,2,1,80,Australia vs India,Australia,9,ODI # 4662
431,Adam Zampa,out,6,20,28,0,0,30,Australia vs India,Australia,10,ODI # 4662
432,Josh Hazlewood,not out,1,1,6,0,0,100,Australia vs India,Australia,11,ODI # 4662
433,Quinton de Kock,out,100,84,140,12,3,119.04,South Africa vs Sri Lanka,South Africa,1,ODI # 4661
434,Temba Bavuma,out,8,5,9,2,0,160,South Africa vs Sri Lanka,South Africa,2,ODI # 4661
435,Rassie van der Dussen,out,108,110,161,13,2,98.18,South Africa vs Sri Lanka,South Africa,3,ODI # 4661
436,Aiden Markram,out,106,54,84,14,3,196.29,South Africa vs Sri Lanka,South Africa,4,ODI # 4661
437,Heinrich Klaasen,out,32,20,30,1,3,160,South Africa vs Sri Lanka,South Africa,5,ODI # 4661
438,David Miller,not out,39,21,36,3,2,185.71,South Africa vs Sri Lanka,South Africa,6,ODI # 4661
439,Marco Jansen,not out,12,7,15,0,1,171.42,South Africa vs Sri Lanka,South Africa,7,ODI # 4661
440,Rahmanullah Gurbaz,out,47,62,112,4,1,75.8,Afghanistan vs Bangladesh,Afghanistan,1,ODI # 4660
441,Ibrahim Zadran,out,22,25,41,3,1,88,Afghanistan vs Bangladesh,Afghanistan,2,ODI # 4660
442,Rahmat Shah,out,18,25,30,1,0,72,Afghanistan vs Bangladesh,Afghanistan,3,ODI # 4660
443,Hashmatullah Shahidi,out,18,38,34,2,0,47.36,Afghanistan vs Bangladesh,Afghanistan,4,ODI # 4660
444,Najibullah Zadran,out,5,13,16,0,0,38.46,Afghanistan vs Bangladesh,Afghanistan,5,ODI # 4660
445,Mohammad Nabi,out,6,12,19,0,0,50,Afghanistan vs Bangladesh,Afghanistan,6,ODI # 4660
446,Azmatullah Omarzai,out,22,20,32,4,0,110,Afghanistan vs Bangladesh,Afghanistan,7,ODI # 4660
447,Rashid Khan,out,9,16,16,1,0,56.25,Afghanistan vs Bangladesh,Afghanistan,8,ODI # 4660
448,Mujeeb Ur Rahman,out,1,4,9,0,0,25,Afghanistan vs Bangladesh,Afghanistan,9,ODI # 4660
449,Naveen-ul-Haq,out,0,6,8,0,0,0,Afghanistan vs Bangladesh,Afghanistan,10,ODI # 4660
450,Fazalhaq Farooqi,not out,0,3,3,0,0,0,Afghanistan vs Bangladesh,Afghanistan,11,ODI # 4660
451,Fakhar Zaman,out,12,15,14,3,0,80,Pakistan vs Netherlands,Pakistan,1,ODI # 4659
452,Imam-ul-Haq,out,15,19,40,2,0,78.94,Pakistan vs Netherlands,Pakistan,2,ODI # 4659
453,Babar Azam,out,5,18,20,0,0,27.77,Pakistan vs Netherlands,Pakistan,3,ODI # 4659
454,Mohammad Rizwan,out,68,75,104,8,0,90.66,Pakistan vs Netherlands,Pakistan,4,ODI # 4659
455,Saud Shakeel,out,68,52,84,9,1,130.76,Pakistan vs Netherlands,Pakistan,5,ODI # 4659
456,Iftikhar Ahmed,out,9,11,22,1,0,81.81,Pakistan vs Netherlands,Pakistan,6,ODI # 4659
457,Mohammad Nawaz,out,39,43,66,4,0,90.69,Pakistan vs Netherlands,Pakistan,7,ODI # 4659
458,Shadab Khan,out,32,34,42,2,1,94.11,Pakistan vs Netherlands,Pakistan,8,ODI # 4659
459,Hasan Ali,out,0,1,2,0,0,0,Pakistan vs Netherlands,Pakistan,9,ODI # 4659
460,Shaheen Shah Afridi,not out,13,12,23,2,0,108.33,Pakistan vs Netherlands,Pakistan,10,ODI # 4659
461,Haris Rauf,out,16,14,10,2,1,114.28,Pakistan vs Netherlands,Pakistan,11,ODI # 4659
462,Jonny Bairstow,out,33,35,57,4,1,94.28,England vs New Zealand,England,1,ODI # 4658
463,Dawid Malan,out,14,24,36,2,0,58.33,England vs New Zealand,England,2,ODI # 4658
464,Joe Root,out,77,86,140,4,1,89.53,England vs New Zealand,England,3,ODI # 4658
465,Harry Brook,out,25,16,20,4,1,156.25,England vs New Zealand,England,4,ODI # 4658
466,Moeen Ali,out,11,17,20,1,0,64.7,England vs New Zealand,England,5,ODI # 4658
467,Jos Buttler†,out,43,42,48,2,2,102.38,England vs New Zealand,England,6,ODI # 4658
468,Liam Livingstone,out,20,22,23,3,0,90.9,England vs New Zealand,England,7,ODI # 4658
469,Sam Curran,out,14,19,30,0,0,73.68,England vs New Zealand,England,8,ODI # 4658
470,Chris Woakes,out,11,12,15,1,0,91.66,England vs New Zealand,England,9,ODI # 4658
471,Adil Rashid,not out,15,13,23,0,1,115.38,England vs New Zealand,England,10,ODI # 4658
472,Mark Wood,not out,13,14,19,0,0,92.85,England vs New Zealand,England,11,ODI # 4658
473,David Warner,out,7,3,6,1,0,233.33,India vs Australia,Australia,1,ODI # 4705
474,Travis Head,out,137,120,166,15,4,114.16,India vs Australia,Australia,2,ODI # 4705
475,Mitchell Marsh,out,15,15,15,1,1,100,India vs Australia,Australia,3,ODI # 4705
476,Steven Smith,out,4,9,11,1,0,44.44,India vs Australia,Australia,4,ODI # 4705
477,Marnus Labuschagne,not out,58,110,133,4,0,52.72,India vs Australia,Australia,5,ODI # 4705
478,Glenn Maxwell,not out,2,1,1,0,0,200,India vs Australia,Australia,6,ODI # 4705
479,Travis Head,out,62,48,62,9,2,129.16,South Africa vs Australia,Australia,1,ODI # 4704
480,David Warner,out,29,18,29,1,4,161.11,South Africa vs Australia,Australia,2,ODI # 4704
481,Mitchell Marsh,out,0,6,5,0,0,0,South Africa vs Australia,Australia,3,ODI # 4704
482,Steven Smith,out,30,62,102,2,0,48.38,South Africa vs Australia,Australia,4,ODI # 4704
483,Marnus Labuschagne,out,18,31,28,2,0,58.06,South Africa vs Australia,Australia,5,ODI # 4704
484,Glenn Maxwell,out,1,5,8,0,0,20,South Africa vs Australia,Australia,6,ODI # 4704
485,Josh Inglis,out,28,49,66,3,0,57.14,South Africa vs Australia,Australia,7,ODI # 4704
486,Mitchell Starc,not out,16,38,61,2,0,42.1,South Africa vs Australia,Australia,8,ODI # 4704
487,Pat Cummins,not out,14,29,32,2,0,48.27,South Africa vs Australia,Australia,9,ODI # 4704
488,Devon Conway,out,13,15,26,3,0,86.66,India vs New Zealand,New Zealand,1,ODI # 4703
489,Rachin Ravindra,out,13,22,39,3,0,59.09,India vs New Zealand,New Zealand,2,ODI # 4703
490,Kane Williamson,out,69,73,116,8,1,94.52,India vs New Zealand,New Zealand,3,ODI # 4703
491,Daryl Mitchell,out,134,119,180,9,7,112.6,India vs New Zealand,New Zealand,4,ODI # 4703
492,Tom Latham,out,0,2,1,0,0,0,India vs New Zealand,New Zealand,5,ODI # 4703
493,Glenn Phillips,out,41,33,58,4,2,124.24,India vs New Zealand,New Zealand,6,ODI # 4703
494,Mark Chapman,out,2,5,5,0,0,40,India vs New Zealand,New Zealand,7,ODI # 4703
495,Mitchell Santner,out,9,10,20,0,0,90,India vs New Zealand,New Zealand,8,ODI # 4703
496,Tim Southee,out,9,10,14,1,0,90,India vs New Zealand,New Zealand,9,ODI # 4703
497,Trent Boult,not out,2,2,5,0,0,100,India vs New Zealand,New Zealand,10,ODI # 4703
498,Lockie Ferguson,out,6,3,2,0,1,200,India vs New Zealand,New Zealand,11,ODI # 4703
499,Wesley Barresi,out,4,5,8,0,0,80,India vs Netherlands,Netherlands,1,ODI # 4702
500,Max O'Dowd,out,30,42,68,3,1,71.42,India vs Netherlands,Netherlands,2,ODI # 4702
501,Colin Ackermann,out,35,32,46,6,0,109.37,India vs Netherlands,Netherlands,3,ODI # 4702
502,Sybrand Engelbrecht,out,45,80,87,4,0,56.25,India vs Netherlands,Netherlands,4,ODI # 4702
503,Scott Edwards†,out,17,30,27,1,0,56.66,India vs Netherlands,Netherlands,5,ODI # 4702
504,Bas de Leede,out,12,21,23,1,0,57.14,India vs Netherlands,Netherlands,6,ODI # 4702
505,Teja Nidamanuru,out,54,39,65,1,6,138.46,India vs Netherlands,Netherlands,7,ODI # 4702
506,Logan van Beek,out,16,15,20,2,0,106.66,India vs Netherlands,Netherlands,8,ODI # 4702
507,Roelof van der Merwe,out,16,8,5,1,2,200,India vs Netherlands,Netherlands,9,ODI # 4702
508,Aryan Dutt,out,5,11,9,0,0,45.45,India vs Netherlands,Netherlands,10,ODI # 4702
509,Paul van Meekeren,not out,3,4,7,0,0,75,India vs Netherlands,Netherlands,11,ODI # 4702
510,Abdullah Shafique,out,0,2,2,0,0,0,England vs Pakistan,Pakistan,1,ODI # 4701
511,Fakhar Zaman,out,1,9,13,0,0,11.11,England vs Pakistan,Pakistan,2,ODI # 4701
512,Babar Azam,out,38,45,58,6,0,84.44,England vs Pakistan,Pakistan,3,ODI # 4701
513,Mohammad Rizwan,out,36,51,78,2,0,70.58,England vs Pakistan,Pakistan,4,ODI # 4701
514,Saud Shakeel,out,29,37,52,4,0,78.37,England vs Pakistan,Pakistan,5,ODI # 4701
515,Agha Salman,out,51,45,53,6,1,113.33,England vs Pakistan,Pakistan,6,ODI # 4701
516,Iftikhar Ahmed,out,3,5,8,0,0,60,England vs Pakistan,Pakistan,7,ODI # 4701
517,Shadab Khan,out,4,7,4,1,0,57.14,England vs Pakistan,Pakistan,8,ODI # 4701
518,Shaheen Shah Afridi,out,25,23,23,3,1,108.69,England vs Pakistan,Pakistan,9,ODI # 4701
519,Mohammad Wasim,not out,16,14,33,2,1,114.28,England vs Pakistan,Pakistan,10,ODI # 4701
520,Haris Rauf,out,35,23,27,3,3,152.17,England vs Pakistan,Pakistan,11,ODI # 4701
521,Travis Head,out,10,11,11,2,0,90.9,Bangladesh vs Australia,Australia,1,ODI # 4700
522,David Warner,out,53,61,90,6,0,86.88,Bangladesh vs Australia,Australia,2,ODI # 4700
523,Mitchell Marsh,not out,177,132,177,17,9,134.09,Bangladesh vs Australia,Australia,3,ODI # 4700
524,Steven Smith,not out,63,64,99,4,1,98.43,Bangladesh vs Australia,Australia,4,ODI # 4700
525,Quinton de Kock,out,41,47,58,2,3,87.23,Afghanistan vs South Africa,South Africa,1,ODI # 4699
526,Temba Bavuma,out,23,28,49,3,0,82.14,Afghanistan vs South Africa,South Africa,2,ODI # 4699
527,Rassie van der Dussen,not out,76,95,141,6,1,80,Afghanistan vs South Africa,South Africa,3,ODI # 4699
528,Aiden Markram,out,25,32,32,1,1,78.12,Afghanistan vs South Africa,South Africa,4,ODI # 4699
529,Heinrich Klaasen,out,10,13,15,1,0,76.92,Afghanistan vs South Africa,South Africa,5,ODI # 4699
530,David Miller,out,24,33,35,1,1,72.72,Afghanistan vs South Africa,South Africa,6,ODI # 4699
531,Andile Phehlukwayo,not out,39,37,46,1,3,105.4,Afghanistan vs South Africa,South Africa,7,ODI # 4699
532,Devon Conway,out,45,42,54,9,0,107.14,Sri Lanka vs New Zealand,New Zealand,1,ODI # 4698
533,Rachin Ravindra,out,42,34,61,3,3,123.52,Sri Lanka vs New Zealand,New Zealand,2,ODI # 4698
534,Kane Williamson,out,14,15,26,2,0,93.33,Sri Lanka vs New Zealand,New Zealand,3,ODI # 4698
535,Daryl Mitchell,out,43,31,45,5,2,138.7,Sri Lanka vs New Zealand,New Zealand,4,ODI # 4698
536,Mark Chapman,out,7,6,13,1,0,116.66,Sri Lanka vs New Zealand,New Zealand,5,ODI # 4698
537,Glenn Phillips,not out,17,10,15,3,0,170,Sri Lanka vs New Zealand,New Zealand,6,ODI # 4698
538,Tom Latham,not out,2,2,3,0,0,100,Sri Lanka vs New Zealand,New Zealand,7,ODI # 4698
539,Wesley Barresi,out,37,62,77,3,1,59.67,England vs Netherlands,Netherlands,1,ODI # 4697
540,Max O'Dowd,out,5,11,20,1,0,45.45,England vs Netherlands,Netherlands,2,ODI # 4697
541,Colin Ackermann,out,0,2,4,0,0,0,England vs Netherlands,Netherlands,3,ODI # 4697
542,Sybrand Engelbrecht,out,33,49,73,3,1,67.34,England vs Netherlands,Netherlands,4,ODI # 4697
543,Scott Edwards†,out,38,42,67,3,1,90.47,England vs Netherlands,Netherlands,5,ODI # 4697
544,Bas de Leede,out,10,12,11,2,0,83.33,England vs Netherlands,Netherlands,6,ODI # 4697
545,Teja Nidamanuru,not out,41,34,47,2,3,120.58,England vs Netherlands,Netherlands,7,ODI # 4697
546,Logan van Beek,out,2,2,3,0,0,100,England vs Netherlands,Netherlands,8,ODI # 4697
547,Roelof van der Merwe,out,0,4,3,0,0,0,England vs Netherlands,Netherlands,9,ODI # 4697
548,Aryan Dutt,out,1,3,4,0,0,33.33,England vs Netherlands,Netherlands,10,ODI # 4697
549,Paul van Meekeren,out,4,3,3,1,0,133.33,England vs Netherlands,Netherlands,11,ODI # 4697
550,David Warner,out,18,29,46,3,0,62.06,Afghanistan vs Australia,Australia,1,ODI # 4696
551,Travis Head,out,0,2,5,0,0,0,Afghanistan vs Australia,Australia,2,ODI # 4696
552,Mitchell Marsh,out,24,11,22,2,2,218.18,Afghanistan vs Australia,Australia,3,ODI # 4696
553,Marnus Labuschagne,out,14,28,53,2,0,50,Afghanistan vs Australia,Australia,4,ODI # 4696
554,Josh Inglis,out,0,1,1,0,0,0,Afghanistan vs Australia,Australia,5,ODI # 4696
555,Glenn Maxwell,not out,201,128,181,21,10,157.03,Afghanistan vs Australia,Australia,6,ODI # 4696
556,Marcus Stoinis,out,6,7,13,1,0,85.71,Afghanistan vs Australia,Australia,7,ODI # 4696
557,Mitchell Starc,out,3,7,8,0,0,42.85,Afghanistan vs Australia,Australia,8,ODI # 4696
558,Pat Cummins,not out,12,68,122,1,0,17.64,Afghanistan vs Australia,Australia,9,ODI # 4696
559,Tanzid Hasan,out,9,5,11,2,0,180,Sri Lanka vs Bangladesh,Bangladesh,1,ODI # 4695
560,Litton Das,out,23,22,36,2,2,104.54,Sri Lanka vs Bangladesh,Bangladesh,2,ODI # 4695
561,Najmul Hossain Shanto,out,90,101,163,12,0,89.1,Sri Lanka vs Bangladesh,Bangladesh,3,ODI # 4695
562,Shakib Al Hasan,out,82,65,128,12,2,126.15,Sri Lanka vs Bangladesh,Bangladesh,4,ODI # 4695
563,Mahmudullah,out,22,23,37,3,1,95.65,Sri Lanka vs Bangladesh,Bangladesh,5,ODI # 4695
564,Mushfiqur Rahim,out,10,13,21,1,0,76.92,Sri Lanka vs Bangladesh,Bangladesh,6,ODI # 4695
565,Towhid Hridoy,not out,15,7,22,0,2,214.28,Sri Lanka vs Bangladesh,Bangladesh,7,ODI # 4695
566,Mehidy Hasan Miraz,out,3,5,9,0,0,60,Sri Lanka vs Bangladesh,Bangladesh,8,ODI # 4695
567,Tanzim Hasan Sakib,not out,5,6,6,1,0,83.33,Sri Lanka vs Bangladesh,Bangladesh,9,ODI # 4695
568,Quinton de Kock,out,5,10,9,1,0,50,India vs South Africa,South Africa,1,ODI # 4694
569,Temba Bavuma,out,11,19,39,1,0,57.89,India vs South Africa,South Africa,2,ODI # 4694
570,Rassie van der Dussen,out,13,32,55,1,0,40.62,India vs South Africa,South Africa,3,ODI # 4694
571,Aiden Markram,out,9,6,6,2,0,150,India vs South Africa,South Africa,4,ODI # 4694
572,Heinrich Klaasen,out,1,11,12,0,0,9.09,India vs South Africa,South Africa,5,ODI # 4694
573,David Miller,out,11,11,17,2,0,100,India vs South Africa,South Africa,6,ODI # 4694
574,Marco Jansen,out,14,30,45,1,0,46.66,India vs South Africa,South Africa,7,ODI # 4694
575,Keshav Maharaj,out,7,11,7,1,0,63.63,India vs South Africa,South Africa,8,ODI # 4694
576,Kagiso Rabada,out,6,26,26,0,0,23.07,India vs South Africa,South Africa,9,ODI # 4694
577,Lungi Ngidi,out,0,3,7,0,0,0,India vs South Africa,South Africa,10,ODI # 4694
578,Tabraiz Shamsi,not out,4,4,3,1,0,100,India vs South Africa,South Africa,11,ODI # 4694
579,Jonny Bairstow,out,0,1,1,0,0,0,Australia vs England,England,1,ODI # 4693
580,Dawid Malan,out,50,64,99,4,1,78.12,Australia vs England,England,2,ODI # 4693
581,Joe Root,out,13,17,23,2,0,76.47,Australia vs England,England,3,ODI # 4693
582,Ben Stokes,out,64,90,128,2,3,71.11,Australia vs England,England,4,ODI # 4693
583,Jos Buttler†,out,1,7,10,0,0,14.28,Australia vs England,England,5,ODI # 4693
584,Moeen Ali,out,42,43,61,6,0,97.67,Australia vs England,England,6,ODI # 4693
585,Liam Livingstone,out,2,5,6,0,0,40,Australia vs England,England,7,ODI # 4693
586,Chris Woakes,out,32,33,52,4,1,96.96,Australia vs England,England,8,ODI # 4693
587,David Willey,out,15,14,19,3,0,107.14,Australia vs England,England,9,ODI # 4693
588,Adil Rashid,out,20,15,23,1,1,133.33,Australia vs England,England,10,ODI # 4693
589,Mark Wood,not out,0,0,1,0,0,0,Australia vs England,England,11,ODI # 4693
590,Abdullah Shafique,out,4,9,8,1,0,44.44,New Zealand vs Pakistan,Pakistan,1,ODI # 4692
591,Fakhar Zaman,not out,126,81,103,8,11,155.55,New Zealand vs Pakistan,Pakistan,2,ODI # 4692
592,Babar Azam,not out,66,63,93,6,2,104.76,New Zealand vs Pakistan,Pakistan,3,ODI # 4692
593,Rahmanullah Gurbaz,out,10,11,24,2,0,90.9,Netherlands vs Afghanistan,Afghanistan,1,ODI # 4691
594,Ibrahim Zadran,out,20,34,44,2,0,58.82,Netherlands vs Afghanistan,Afghanistan,2,ODI # 4691
595,Rahmat Shah,out,52,54,74,8,0,96.29,Netherlands vs Afghanistan,Afghanistan,3,ODI # 4691
596,Hashmatullah Shahidi,not out,56,64,92,6,0,87.5,Netherlands vs Afghanistan,Afghanistan,4,ODI # 4691
597,Azmatullah Omarzai,not out,31,28,38,3,0,110.71,Netherlands vs Afghanistan,Afghanistan,5,ODI # 4691
598,Pathum Nissanka,out,0,1,2,0,0,0,India vs Sri Lanka,Sri Lanka,1,ODI # 4690
599,Dimuth Karunaratne,out,0,1,10,0,0,0,India vs Sri Lanka,Sri Lanka,2,ODI # 4690
600,Kusal Mendis†,out,1,10,21,0,0,10,India vs Sri Lanka,Sri Lanka,3,ODI # 4690
601,Sadeera Samarawickrama,out,0,4,4,0,0,0,India vs Sri Lanka,Sri Lanka,4,ODI # 4690
602,Charith Asalanka,out,1,24,42,0,0,4.16,India vs Sri Lanka,Sri Lanka,5,ODI # 4690
603,Angelo Mathews,out,12,25,55,1,0,48,India vs Sri Lanka,Sri Lanka,6,ODI # 4690
604,Dushan Hemantha,out,0,1,1,0,0,0,India vs Sri Lanka,Sri Lanka,7,ODI # 4690
605,Dushmantha Chameera,out,0,6,10,0,0,0,India vs Sri Lanka,Sri Lanka,8,ODI # 4690
606,Maheesh Theekshana,not out,12,23,37,2,0,52.17,India vs Sri Lanka,Sri Lanka,9,ODI # 4690
607,Kasun Rajitha,out,14,17,20,2,0,82.35,India vs Sri Lanka,Sri Lanka,10,ODI # 4690
608,Dilshan Madushanka,out,5,6,4,1,0,83.33,India vs Sri Lanka,Sri Lanka,11,ODI # 4690
609,Devon Conway,out,2,6,13,0,0,33.33,South Africa vs New Zealand,New Zealand,1,ODI # 4689
610,Will Young,out,33,37,50,5,0,89.18,South Africa vs New Zealand,New Zealand,2,ODI # 4689
611,Rachin Ravindra,out,9,16,28,1,0,56.25,South Africa vs New Zealand,New Zealand,3,ODI # 4689
612,Daryl Mitchell,out,24,30,40,4,0,80,South Africa vs New Zealand,New Zealand,4,ODI # 4689
613,Tom Latham†,out,4,15,18,0,0,26.66,South Africa vs New Zealand,New Zealand,5,ODI # 4689
614,Glenn Phillips,out,60,50,87,4,4,120,South Africa vs New Zealand,New Zealand,6,ODI # 4689
615,Mitchell Santner,out,7,18,14,1,0,38.88,South Africa vs New Zealand,New Zealand,7,ODI # 4689
616,Tim Southee,out,7,11,11,1,0,63.63,South Africa vs New Zealand,New Zealand,8,ODI # 4689
617,James Neesham,out,0,8,6,0,0,0,South Africa vs New Zealand,New Zealand,9,ODI # 4689
618,Trent Boult,out,9,14,17,1,0,64.28,South Africa vs New Zealand,New Zealand,10,ODI # 4689
619,Matt Henry,not out,0,9,20,0,0,0,South Africa vs New Zealand,New Zealand,11,ODI # 4689
620,Abdullah Shafique,out,68,69,94,9,2,98.55,Bangladesh vs Pakistan,Pakistan,1,ODI # 4688
621,Fakhar Zaman,out,81,74,126,3,7,109.45,Bangladesh vs Pakistan,Pakistan,2,ODI # 4688
622,Babar Azam,out,9,16,20,1,0,56.25,Bangladesh vs Pakistan,Pakistan,3,ODI # 4688
623,Mohammad Rizwan,not out,26,21,27,4,0,123.8,Bangladesh vs Pakistan,Pakistan,4,ODI # 4688
624,Iftikhar Ahmed,not out,17,15,17,2,0,113.33,Bangladesh vs Pakistan,Pakistan,5,ODI # 4688
625,Rahmanullah Gurbaz,out,0,4,2,0,0,0,Sri Lanka vs Afghanistan,Afghanistan,1,ODI # 4687
626,Ibrahim Zadran,out,39,57,73,4,1,68.42,Sri Lanka vs Afghanistan,Afghanistan,2,ODI # 4687
627,Rahmat Shah,out,62,74,121,7,0,83.78,Sri Lanka vs Afghanistan,Afghanistan,3,ODI # 4687
628,Hashmatullah Shahidi,not out,58,74,132,2,1,78.37,Sri Lanka vs Afghanistan,Afghanistan,4,ODI # 4687
629,Azmatullah Omarzai,not out,73,63,80,6,3,115.87,Sri Lanka vs Afghanistan,Afghanistan,5,ODI # 4687
630,Jonny Bairstow,out,14,23,53,2,0,60.86,India vs England,England,1,ODI # 4686
631,Dawid Malan,out,16,17,25,2,1,94.11,India vs England,England,2,ODI # 4686
632,Joe Root,out,0,1,2,0,0,0,India vs England,England,3,ODI # 4686
633,Ben Stokes,out,0,10,14,0,0,0,India vs England,England,4,ODI # 4686
634,Jos Buttler†,out,10,23,33,1,0,43.47,India vs England,England,5,ODI # 4686
635,Moeen Ali,out,15,31,55,0,0,48.38,India vs England,England,6,ODI # 4686
636,Liam Livingstone,out,27,46,56,2,0,58.69,India vs England,England,7,ODI # 4686
637,Chris Woakes,out,10,20,21,1,0,50,India vs England,England,8,ODI # 4686
638,David Willey,not out,16,17,29,0,2,94.11,India vs England,England,9,ODI # 4686
639,Adil Rashid,out,13,20,19,2,0,65,India vs England,England,10,ODI # 4686
640,Mark Wood,out,0,1,3,0,0,0,India vs England,England,11,ODI # 4686
641,Litton Das,out,3,12,20,0,0,25,Netherlands vs Bangladesh,Bangladesh,1,ODI # 4685
642,Tanzid Hasan,out,15,16,25,3,0,93.75,Netherlands vs Bangladesh,Bangladesh,2,ODI # 4685
643,Mehidy Hasan Miraz,out,35,40,51,5,1,87.5,Netherlands vs Bangladesh,Bangladesh,3,ODI # 4685
644,Najmul Hossain Shanto,out,9,18,27,2,0,50,Netherlands vs Bangladesh,Bangladesh,4,ODI # 4685
645,Shakib Al Hasan,out,5,14,14,0,0,35.71,Netherlands vs Bangladesh,Bangladesh,5,ODI # 4685
646,Mushfiqur Rahim,out,1,5,9,0,0,20,Netherlands vs Bangladesh,Bangladesh,6,ODI # 4685
647,Mahmudullah,out,20,41,70,2,0,48.78,Netherlands vs Bangladesh,Bangladesh,7,ODI # 4685
648,Mahedi Hasan,out,17,38,51,1,0,44.73,Netherlands vs Bangladesh,Bangladesh,8,ODI # 4685
649,Taskin Ahmed,out,11,35,49,1,0,31.42,Netherlands vs Bangladesh,Bangladesh,9,ODI # 4685
650,Mustafizur Rahman,out,20,35,34,2,1,57.14,Netherlands vs Bangladesh,Bangladesh,10,ODI # 4685
651,Shoriful Islam,not out,0,0,1,0,0,0,Netherlands vs Bangladesh,Bangladesh,11,ODI # 4685
652,Devon Conway,out,28,17,35,6,0,164.7,Australia vs New Zealand,New Zealand,1,ODI # 4684
653,Will Young,out,32,37,44,4,1,86.48,Australia vs New Zealand,New Zealand,2,ODI # 4684
654,Rachin Ravindra,out,116,89,137,9,5,130.33,Australia vs New Zealand,New Zealand,3,ODI # 4684
655,Daryl Mitchell,out,54,51,59,6,1,105.88,Australia vs New Zealand,New Zealand,4,ODI # 4684
656,Tom Latham†,out,21,22,29,2,0,95.45,Australia vs New Zealand,New Zealand,5,ODI # 4684
657,Glenn Phillips,out,12,16,21,1,0,75,Australia vs New Zealand,New Zealand,6,ODI # 4684
658,James Neesham,out,58,39,64,3,3,148.71,Australia vs New Zealand,New Zealand,7,ODI # 4684
659,Mitchell Santner,out,17,12,13,1,1,141.66,Australia vs New Zealand,New Zealand,8,ODI # 4684
660,Matt Henry,out,9,8,14,1,0,112.5,Australia vs New Zealand,New Zealand,9,ODI # 4684
661,Trent Boult,not out,10,8,21,0,1,125,Australia vs New Zealand,New Zealand,10,ODI # 4684
662,Lockie Ferguson,not out,0,1,1,0,0,0,Australia vs New Zealand,New Zealand,11,ODI # 4684
663,Temba Bavuma,out,28,27,49,4,1,103.7,Pakistan vs South Africa,South Africa,1,ODI # 4683
664,Quinton de Kock,out,24,14,19,5,0,171.42,Pakistan vs South Africa,South Africa,2,ODI # 4683
665,Rassie van der Dussen,out,21,39,71,0,0,53.84,Pakistan vs South Africa,South Africa,3,ODI # 4683
666,Aiden Markram,out,91,93,151,7,3,97.84,Pakistan vs South Africa,South Africa,4,ODI # 4683
667,Heinrich Klaasen,out,12,10,12,0,1,120,Pakistan vs South Africa,South Africa,5,ODI # 4683
668,David Miller,out,29,33,55,2,2,87.87,Pakistan vs South Africa,South Africa,6,ODI # 4683
669,Marco Jansen,out,20,14,18,2,1,142.85,Pakistan vs South Africa,South Africa,7,ODI # 4683
670,Gerald Coetzee,out,10,13,23,0,0,76.92,Pakistan vs South Africa,South Africa,8,ODI # 4683
671,Keshav Maharaj,not out,7,21,44,1,0,33.33,Pakistan vs South Africa,South Africa,9,ODI # 4683
672,Lungi Ngidi,out,4,14,24,0,0,28.57,Pakistan vs South Africa,South Africa,10,ODI # 4683
673,Tabraiz Shamsi,not out,4,6,14,0,0,66.66,Pakistan vs South Africa,South Africa,11,ODI # 4683
674,Pathum Nissanka,not out,77,83,110,7,2,92.77,England vs Sri Lanka,Sri Lanka,1,ODI # 4682
675,Kusal Perera,out,4,5,8,1,0,80,England vs Sri Lanka,Sri Lanka,2,ODI # 4682
676,Kusal Mendis†,out,11,12,15,2,0,91.66,England vs Sri Lanka,Sri Lanka,3,ODI # 4682
677,Sadeera Samarawickrama,not out,65,54,84,7,1,120.37,England vs Sri Lanka,Sri Lanka,4,ODI # 4682
678,Vikramjit Singh,out,25,25,28,6,0,100,Australia vs Netherlands,Netherlands,1,ODI # 4681
679,Max O'Dowd,out,6,9,21,1,0,66.66,Australia vs Netherlands,Netherlands,2,ODI # 4681
680,Colin Ackermann,out,10,11,21,2,0,90.9,Australia vs Netherlands,Netherlands,3,ODI # 4681
681,Sybrand Engelbrecht,out,11,21,36,1,0,52.38,Australia vs Netherlands,Netherlands,4,ODI # 4681
682,Bas de Leede,out,4,7,7,1,0,57.14,Australia vs Netherlands,Netherlands,5,ODI # 4681
683,Scott Edwards†,not out,12,22,53,0,0,54.54,Australia vs Netherlands,Netherlands,6,ODI # 4681
684,Teja Nidamanuru,out,14,18,19,2,0,77.77,Australia vs Netherlands,Netherlands,7,ODI # 4681
685,Logan van Beek,out,0,3,3,0,0,0,Australia vs Netherlands,Netherlands,8,ODI # 4681
686,Roelof van der Merwe,out,0,1,1,0,0,0,Australia vs Netherlands,Netherlands,9,ODI # 4681
687,Aryan Dutt,out,1,8,9,0,0,12.5,Australia vs Netherlands,Netherlands,10,ODI # 4681
688,Paul van Meekeren,out,0,1,2,0,0,0,Australia vs Netherlands,Netherlands,11,ODI # 4681
689,Tanzid Hasan,out,12,17,30,1,0,70.58,South Africa vs Bangladesh,Bangladesh,1,ODI # 4680
690,Litton Das,out,22,44,78,3,1,50,South Africa vs Bangladesh,Bangladesh,2,ODI # 4680
691,Najmul Hossain Shanto,out,0,1,1,0,0,0,South Africa vs Bangladesh,Bangladesh,3,ODI # 4680
692,Shakib Al Hasan,out,1,4,4,0,0,25,South Africa vs Bangladesh,Bangladesh,4,ODI # 4680
693,Mushfiqur Rahim,out,8,17,24,1,0,47.05,South Africa vs Bangladesh,Bangladesh,5,ODI # 4680
694,Mahmudullah,out,111,111,150,11,4,100,South Africa vs Bangladesh,Bangladesh,6,ODI # 4680
695,Mehidy Hasan Miraz,out,11,19,26,1,0,57.89,South Africa vs Bangladesh,Bangladesh,7,ODI # 4680
696,Nasum Ahmed,out,19,19,27,3,0,100,South Africa vs Bangladesh,Bangladesh,8,ODI # 4680
697,Hasan Mahmud,out,15,25,32,2,0,60,South Africa vs Bangladesh,Bangladesh,9,ODI # 4680
698,Mustafizur Rahman,out,11,21,51,2,0,52.38,South Africa vs Bangladesh,Bangladesh,10,ODI # 4680
699,Shoriful Islam,not out,6,4,4,1,0,150,South Africa vs Bangladesh,Bangladesh,11,ODI # 4680
700,Rahmanullah Gurbaz,out,65,53,91,9,1,122.64,Pakistan vs Afghanistan,Afghanistan,1,ODI # 4679
701,Ibrahim Zadran,out,87,113,146,10,0,76.99,Pakistan vs Afghanistan,Afghanistan,2,ODI # 4679
702,Rahmat Shah,not out,77,84,129,5,2,91.66,Pakistan vs Afghanistan,Afghanistan,3,ODI # 4679
703,Hashmatullah Shahidi,not out,48,45,74,4,0,106.66,Pakistan vs Afghanistan,Afghanistan,4,ODI # 4679
704,Rohit Sharma,out,46,40,44,4,4,115,New Zealand vs India,India,1,ODI # 4678
705,Shubman Gill,out,26,31,53,5,0,83.87,New Zealand vs India,India,2,ODI # 4678
706,Virat Kohli,out,95,104,154,8,2,91.34,New Zealand vs India,India,3,ODI # 4678
707,Shreyas Iyer,out,33,29,32,6,0,113.79,New Zealand vs India,India,4,ODI # 4678
708,KL Rahul,out,27,35,43,3,0,77.14,New Zealand vs India,India,5,ODI # 4678
709,Suryakumar Yadav,out,2,4,8,0,0,50,New Zealand vs India,India,6,ODI # 4678
710,Ravindra Jadeja,not out,39,44,63,3,1,88.63,New Zealand vs India,India,7,ODI # 4678
711,Mohammed Shami,not out,1,1,2,0,0,100,New Zealand vs India,India,8,ODI # 4678
712,Jonny Bairstow,out,10,12,13,1,1,83.33,South Africa vs England,England,1,ODI # 4677
713,Dawid Malan,out,6,11,30,1,0,54.54,South Africa vs England,England,2,ODI # 4677
714,Joe Root,out,2,6,9,0,0,33.33,South Africa vs England,England,3,ODI # 4677
715,Ben Stokes,out,5,8,20,1,0,62.5,South Africa vs England,England,4,ODI # 4677
716,Harry Brook,out,17,25,33,2,1,68,South Africa vs England,England,5,ODI # 4677
717,Jos Buttler†,out,15,7,14,2,1,214.28,South Africa vs England,England,6,ODI # 4677
718,David Willey,out,12,12,24,1,1,100,South Africa vs England,England,7,ODI # 4677
719,Adil Rashid,out,10,14,14,1,0,71.42,South Africa vs England,England,8,ODI # 4677
720,Gus Atkinson,out,35,21,31,7,0,166.66,South Africa vs England,England,9,ODI # 4677
721,Mark Wood,not out,43,17,25,2,5,252.94,South Africa vs England,England,10,ODI # 4677
723,Pathum Nissanka,out,54,52,69,9,0,103.84,Netherlands vs Sri Lanka,Sri Lanka,1,ODI # 4676
724,Kusal Perera,out,5,8,17,1,0,62.5,Netherlands vs Sri Lanka,Sri Lanka,2,ODI # 4676
725,Kusal Mendis†,out,11,17,22,2,0,64.7,Netherlands vs Sri Lanka,Sri Lanka,3,ODI # 4676
726,Sadeera Samarawickrama,not out,91,107,168,7,0,85.04,Netherlands vs Sri Lanka,Sri Lanka,4,ODI # 4676
727,Charith Asalanka,out,44,66,70,2,1,66.66,Netherlands vs Sri Lanka,Sri Lanka,5,ODI # 4676
728,Dhananjaya de Silva,out,30,37,57,1,2,81.08,Netherlands vs Sri Lanka,Sri Lanka,6,ODI # 4676
729,Dushan Hemantha,not out,4,3,7,1,0,133.33,Netherlands vs Sri Lanka,Sri Lanka,7,ODI # 4676
730,Abdullah Shafique,out,64,61,93,7,2,104.91,Australia vs Pakistan,Pakistan,1,ODI # 4675
731,Imam-ul-Haq,out,70,71,107,10,0,98.59,Australia vs Pakistan,Pakistan,2,ODI # 4675
732,Babar Azam,out,18,14,27,3,0,128.57,Australia vs Pakistan,Pakistan,3,ODI # 4675
733,Mohammad Rizwan,out,46,40,84,5,0,115,Australia vs Pakistan,Pakistan,4,ODI # 4675
734,Saud Shakeel,out,30,31,37,5,0,96.77,Australia vs Pakistan,Pakistan,5,ODI # 4675
735,Iftikhar Ahmed,out,26,20,22,0,3,130,Australia vs Pakistan,Pakistan,6,ODI # 4675
736,Mohammad Nawaz,out,14,16,19,0,1,87.5,Australia vs Pakistan,Pakistan,7,ODI # 4675
737,Usama Mir,out,0,3,4,0,0,0,Australia vs Pakistan,Pakistan,8,ODI # 4675
738,Shaheen Shah Afridi,out,10,8,17,2,0,125,Australia vs Pakistan,Pakistan,9,ODI # 4675
739,Hasan Ali,out,8,8,7,2,0,100,Australia vs Pakistan,Pakistan,10,ODI # 4675
740,Haris Rauf,not out,0,1,3,0,0,0,Australia vs Pakistan,Pakistan,11,ODI # 4675
741,Rohit Sharma,out,48,40,51,7,2,120,Bangladesh vs India,India,1,ODI # 4674
742,Shubman Gill,out,53,55,80,5,2,96.36,Bangladesh vs India,India,2,ODI # 4674
743,Virat Kohli,not out,103,97,113,6,4,106.18,Bangladesh vs India,India,3,ODI # 4674
744,Shreyas Iyer,out,19,25,38,2,0,76,Bangladesh vs India,India,4,ODI # 4674
745,KL Rahul,not out,34,34,44,3,1,100,Bangladesh vs India,India,5,ODI # 4674
746,Rahmanullah Gurbaz,out,11,21,24,0,1,52.38,New Zealand vs Afghanistan,Afghanistan,1,ODI # 4673
747,Ibrahim Zadran,out,14,15,27,2,0,93.33,New Zealand vs Afghanistan,Afghanistan,2,ODI # 4673
748,Rahmat Shah,out,36,62,86,1,0,58.06,New Zealand vs Afghanistan,Afghanistan,3,ODI # 4673
749,Hashmatullah Shahidi,out,8,29,30,1,0,27.58,New Zealand vs Afghanistan,Afghanistan,4,ODI # 4673
750,Azmatullah Omarzai,out,27,32,39,2,0,84.37,New Zealand vs Afghanistan,Afghanistan,5,ODI # 4673
751,Ikram Alikhil,not out,19,21,42,3,0,90.47,New Zealand vs Afghanistan,Afghanistan,6,ODI # 4673
752,Mohammad Nabi,out,7,9,10,1,0,77.77,New Zealand vs Afghanistan,Afghanistan,7,ODI # 4673
753,Rashid Khan,out,8,13,10,0,1,61.53,New Zealand vs Afghanistan,Afghanistan,8,ODI # 4673
754,Mujeeb Ur Rahman,out,4,3,2,1,0,133.33,New Zealand vs Afghanistan,Afghanistan,9,ODI # 4673
755,Naveen-ul-Haq,out,0,1,1,0,0,0,New Zealand vs Afghanistan,Afghanistan,10,ODI # 4673
756,Fazalhaq Farooqi,out,0,2,1,0,0,0,New Zealand vs Afghanistan,Afghanistan,11,ODI # 4673
757,Temba Bavuma,out,16,31,35,2,1,51.61,Netherlands vs South Africa,South Africa,1,ODI # 4672
758,Quinton de Kock,out,20,22,28,3,0,90.9,Netherlands vs South Africa,South Africa,2,ODI # 4672
759,Rassie van der Dussen,out,4,7,16,0,0,57.14,Netherlands vs South Africa,South Africa,3,ODI # 4672
760,Aiden Markram,out,1,3,4,0,0,33.33,Netherlands vs South Africa,South Africa,4,ODI # 4672
761,Heinrich Klaasen,out,28,28,36,4,0,100,Netherlands vs South Africa,South Africa,5,ODI # 4672
762,David Miller,out,43,52,81,4,1,82.69,Netherlands vs South Africa,South Africa,6,ODI # 4672
763,Marco Jansen,out,9,25,22,0,0,36,Netherlands vs South Africa,South Africa,7,ODI # 4672
764,Gerald Coetzee,out,22,23,33,2,1,95.65,Netherlands vs South Africa,South Africa,8,ODI # 4672
765,Keshav Maharaj,out,40,37,54,5,1,108.1,Netherlands vs South Africa,South Africa,9,ODI # 4672
766,Kagiso Rabada,out,9,6,9,0,1,150,Netherlands vs South Africa,South Africa,10,ODI # 4672
767,Lungi Ngidi,not out,7,24,35,0,0,29.16,Netherlands vs South Africa,South Africa,11,ODI # 4672
768,Mitchell Marsh,out,52,51,67,9,0,101.96,Sri Lanka vs Australia,Australia,1,ODI # 4671
769,David Warner,out,11,6,16,0,1,183.33,Sri Lanka vs Australia,Australia,2,ODI # 4671
770,Steven Smith,out,0,5,4,0,0,0,Sri Lanka vs Australia,Australia,3,ODI # 4671
771,Marnus Labuschagne,out,40,60,100,2,0,66.66,Sri Lanka vs Australia,Australia,4,ODI # 4671
772,Josh Inglis,out,58,59,75,5,1,98.3,Sri Lanka vs Australia,Australia,5,ODI # 4671
773,Glenn Maxwell,not out,31,21,30,4,2,147.61,Sri Lanka vs Australia,Australia,6,ODI # 4671
774,Marcus Stoinis,not out,20,10,10,2,1,200,Sri Lanka vs Australia,Australia,7,ODI # 4671
775,Jonny Bairstow,out,2,4,5,0,0,50,Afghanistan vs England,England,1,ODI # 4670
776,Dawid Malan,out,32,39,61,4,0,82.05,Afghanistan vs England,England,2,ODI # 4670
777,Joe Root,out,11,17,23,2,0,64.7,Afghanistan vs England,England,3,ODI # 4670
778,Harry Brook,out,66,61,123,7,1,108.19,Afghanistan vs England,England,4,ODI # 4670
779,Jos Buttler†,out,9,18,21,1,0,50,Afghanistan vs England,England,5,ODI # 4670
780,Liam Livingstone,out,10,14,15,1,0,71.42,Afghanistan vs England,England,6,ODI # 4670
781,Sam Curran,out,10,23,22,0,0,43.47,Afghanistan vs England,England,7,ODI # 4670
782,Chris Woakes,out,9,26,21,1,0,34.61,Afghanistan vs England,England,8,ODI # 4670
783,Adil Rashid,out,20,13,24,2,0,153.84,Afghanistan vs England,England,9,ODI # 4670
784,Mark Wood,out,18,22,26,3,0,81.81,Afghanistan vs England,England,10,ODI # 4670
785,Reece Topley,not out,15,7,8,3,0,214.28,Afghanistan vs England,England,11,ODI # 4670
786,Rohit Sharma,out,86,63,91,6,6,136.5,Pakistan vs India,India,1,ODI # 4669
787,Shubman Gill,out,16,11,11,4,0,145.45,Pakistan vs India,India,2,ODI # 4669
788,Virat Kohli,out,16,18,31,3,0,88.88,Pakistan vs India,India,3,ODI # 4669
789,Shreyas Iyer,not out,53,62,80,3,2,85.48,Pakistan vs India,India,4,ODI # 4669
790,KL Rahul,not out,19,29,33,2,0,65.51,Pakistan vs India,India,5,ODI # 4669
791,Devon Conway,out,45,59,91,3,0,76.27,Bangladesh vs New Zealand,New Zealand,1,ODI # 4668
792,Rachin Ravindra,out,9,13,12,2,0,69.23,Bangladesh vs New Zealand,New Zealand,2,ODI # 4668
793,Kane Williamson,out,78,107,158,8,1,72.89,Bangladesh vs New Zealand,New Zealand,3,ODI # 4668
794,Daryl Mitchell,not out,89,67,103,6,4,132.83,Bangladesh vs New Zealand,New Zealand,4,ODI # 4668
795,Glenn Phillips,not out,16,11,22,1,1,145.45,Bangladesh vs New Zealand,New Zealand,5,ODI # 4668
796,Mitchell Marsh,out,7,15,27,0,0,46.66,South Africa vs Australia,Australia,1,ODI # 4667
797,David Warner,out,13,27,33,2,0,48.14,South Africa vs Australia,Australia,2,ODI # 4667
798,Steven Smith,out,19,16,20,4,0,118.75,South Africa vs Australia,Australia,3,ODI # 4667
799,Marnus Labuschagne,out,46,74,125,3,0,62.16,South Africa vs Australia,Australia,4,ODI # 4667
800,Josh Inglis,out,5,4,5,1,0,125,South Africa vs Australia,Australia,5,ODI # 4667
801,Glenn Maxwell,out,3,17,17,0,0,17.64,South Africa vs Australia,Australia,6,ODI # 4667
802,Marcus Stoinis,out,5,4,6,1,0,125,South Africa vs Australia,Australia,7,ODI # 4667
803,Mitchell Starc,out,27,51,69,3,0,52.94,South Africa vs Australia,Australia,8,ODI # 4667
804,Pat Cummins,out,22,21,29,4,0,104.76,South Africa vs Australia,Australia,9,ODI # 4667
805,Adam Zampa,not out,11,16,25,1,0,68.75,South Africa vs Australia,Australia,10,ODI # 4667
806,Josh Hazlewood,out,2,2,1,0,0,100,South Africa vs Australia,Australia,11,ODI # 4667
807,Rohit Sharma,out,131,84,111,16,5,155.95,Afghanistan vs India,India,1,ODI # 4666
808,Ishan Kishan,out,47,47,78,5,2,100,Afghanistan vs India,India,2,ODI # 4666
809,Virat Kohli,not out,55,56,64,6,0,98.21,Afghanistan vs India,India,3,ODI # 4666
810,Shreyas Iyer,not out,25,23,31,1,1,108.69,Afghanistan vs India,India,4,ODI # 4666
811,Abdullah Shafique,out,113,103,150,10,3,109.7,Sri Lanka vs Pakistan,Pakistan,1,ODI # 4665
812,Imam-ul-Haq,out,12,12,15,1,0,100,Sri Lanka vs Pakistan,Pakistan,2,ODI # 4665
813,Babar Azam,out,10,15,17,1,0,66.66,Sri Lanka vs Pakistan,Pakistan,3,ODI # 4665
814,Mohammad Rizwan,not out,131,121,193,8,3,108.26,Sri Lanka vs Pakistan,Pakistan,4,ODI # 4665
815,Saud Shakeel,out,31,30,57,2,0,103.33,Sri Lanka vs Pakistan,Pakistan,5,ODI # 4665
816,Iftikhar Ahmed,not out,22,10,18,4,0,220,Sri Lanka vs Pakistan,Pakistan,6,ODI # 4665
817,Litton Das,out,76,66,99,7,2,115.15,England vs Bangladesh,Bangladesh,1,ODI # 4664
818,Tanzid Hasan,out,1,2,7,0,0,50,England vs Bangladesh,Bangladesh,2,ODI # 4664
819,Najmul Hossain Shanto,out,0,1,1,0,0,0,England vs Bangladesh,Bangladesh,3,ODI # 4664
820,Shakib Al Hasan,out,1,9,16,0,0,11.11,England vs Bangladesh,Bangladesh,4,ODI # 4664
821,Mehidy Hasan Miraz,out,8,7,12,1,0,114.28,England vs Bangladesh,Bangladesh,5,ODI # 4664
822,Mushfiqur Rahim,out,51,64,93,4,0,79.68,England vs Bangladesh,Bangladesh,6,ODI # 4664
823,Towhid Hridoy,out,39,61,70,2,0,63.93,England vs Bangladesh,Bangladesh,7,ODI # 4664
824,Mahedi Hasan,out,14,32,39,1,0,43.75,England vs Bangladesh,Bangladesh,8,ODI # 4664
825,Taskin Ahmed,out,15,25,35,0,1,60,England vs Bangladesh,Bangladesh,9,ODI # 4664
826,Shoriful Islam,out,12,14,17,2,0,85.71,England vs Bangladesh,Bangladesh,10,ODI # 4664
827,Mustafizur Rahman,not out,3,9,12,0,0,33.33,England vs Bangladesh,Bangladesh,11,ODI # 4664
828,Vikramjit Singh,out,12,20,22,1,0,60,New Zealand vs Netherlands,Netherlands,1,ODI # 4663
829,Max O'Dowd,out,16,31,40,2,0,51.61,New Zealand vs Netherlands,Netherlands,2,ODI # 4663
830,Colin Ackermann,out,69,73,98,5,0,94.52,New Zealand vs Netherlands,Netherlands,3,ODI # 4663
831,Bas de Leede,out,18,25,21,3,0,72,New Zealand vs Netherlands,Netherlands,4,ODI # 4663
832,Teja Nidamanuru,out,21,26,28,2,1,80.76,New Zealand vs Netherlands,Netherlands,5,ODI # 4663
833,Scott Edwards†,out,30,27,37,2,1,111.11,New Zealand vs Netherlands,Netherlands,6,ODI # 4663
834,Sybrand Engelbrecht,out,29,34,55,3,0,85.29,New Zealand vs Netherlands,Netherlands,7,ODI # 4663
835,Roelof van der Merwe,out,1,6,9,0,0,16.66,New Zealand vs Netherlands,Netherlands,8,ODI # 4663
836,Ryan Klein,out,8,15,23,0,0,53.33,New Zealand vs Netherlands,Netherlands,9,ODI # 4663
837,Aryan Dutt,out,11,20,19,0,1,55,New Zealand vs Netherlands,Netherlands,10,ODI # 4663
838,Paul van Meekeren,not out,4,3,5,1,0,133.33,New Zealand vs Netherlands,Netherlands,11,ODI # 4663
839,Rohit Sharma,out,0,6,10,0,0,0,Australia vs India,India,1,ODI # 4662
840,Ishan Kishan,out,0,1,3,0,0,0,Australia vs India,India,2,ODI # 4662
841,Virat Kohli,out,85,116,171,6,0,73.27,Australia vs India,India,3,ODI # 4662
842,Shreyas Iyer,out,0,3,2,0,0,0,Australia vs India,India,4,ODI # 4662
843,KL Rahul,not out,97,115,180,8,2,84.34,Australia vs India,India,5,ODI # 4662
844,Hardik Pandya,not out,11,8,17,0,1,137.5,Australia vs India,India,6,ODI # 4662
845,Pathum Nissanka,out,0,3,6,0,0,0,South Africa vs Sri Lanka,Sri Lanka,1,ODI # 4661
846,Kusal Perera,out,7,15,42,1,0,46.66,South Africa vs Sri Lanka,Sri Lanka,2,ODI # 4661
847,Kusal Mendis,out,76,42,55,4,8,180.95,South Africa vs Sri Lanka,Sri Lanka,3,ODI # 4661
848,Sadeera Samarawickrama,out,23,19,22,3,1,121.05,South Africa vs Sri Lanka,Sri Lanka,4,ODI # 4661
849,Charith Asalanka,out,79,65,83,8,4,121.53,South Africa vs Sri Lanka,Sri Lanka,5,ODI # 4661
850,Dhananjaya de Silva,out,11,14,28,1,0,78.57,South Africa vs Sri Lanka,Sri Lanka,6,ODI # 4661
851,Dasun Shanaka,out,68,62,86,6,3,109.67,South Africa vs Sri Lanka,Sri Lanka,7,ODI # 4661
852,Dunith Wellalage,out,0,1,2,0,0,0,South Africa vs Sri Lanka,Sri Lanka,8,ODI # 4661
853,Kasun Rajitha,out,33,31,52,4,1,106.45,South Africa vs Sri Lanka,Sri Lanka,9,ODI # 4661
854,Matheesha Pathirana,out,5,16,25,1,0,31.25,South Africa vs Sri Lanka,Sri Lanka,10,ODI # 4661
855,Dilshan Madushanka,not out,4,2,4,1,0,200,South Africa vs Sri Lanka,Sri Lanka,11,ODI # 4661
856,Tanzid Hasan,out,5,13,19,1,0,38.46,Afghanistan vs Bangladesh,Bangladesh,1,ODI # 4660
857,Litton Das,out,13,18,29,2,0,72.22,Afghanistan vs Bangladesh,Bangladesh,2,ODI # 4660
858,Mehidy Hasan Miraz,out,57,73,89,5,0,78.08,Afghanistan vs Bangladesh,Bangladesh,3,ODI # 4660
859,Najmul Hossain Shanto,not out,59,83,112,3,1,71.08,Afghanistan vs Bangladesh,Bangladesh,4,ODI # 4660
860,Shakib Al Hasan,out,14,19,24,2,0,73.68,Afghanistan vs Bangladesh,Bangladesh,5,ODI # 4660
861,Mushfiqur Rahim,not out,2,3,6,0,0,66.66,Afghanistan vs Bangladesh,Bangladesh,6,ODI # 4660
862,Vikramjit Singh,out,52,67,97,4,1,77.61,Pakistan vs Netherlands,Netherlands,1,ODI # 4659
863,Max O'Dowd,out,5,12,24,1,0,41.66,Pakistan vs Netherlands,Netherlands,2,ODI # 4659
864,Colin Ackermann,out,17,21,24,3,0,80.95,Pakistan vs Netherlands,Netherlands,3,ODI # 4659
865,Bas de Leede,out,67,68,92,6,2,98.52,Pakistan vs Netherlands,Netherlands,4,ODI # 4659
866,Teja Nidamanuru,out,5,9,10,1,0,55.55,Pakistan vs Netherlands,Netherlands,5,ODI # 4659
867,Scott Edwards†,out,0,2,2,0,0,0,Pakistan vs Netherlands,Netherlands,6,ODI # 4659
868,Saqib Zulfiqar,out,10,18,24,1,0,55.55,Pakistan vs Netherlands,Netherlands,7,ODI # 4659
869,Roelof van der Merwe,out,4,7,18,0,0,57.14,Pakistan vs Netherlands,Netherlands,8,ODI # 4659
870,Logan van Beek,not out,28,28,36,3,1,100,Pakistan vs Netherlands,Netherlands,9,ODI # 4659
871,Aryan Dutt,out,1,2,6,0,0,50,Pakistan vs Netherlands,Netherlands,10,ODI # 4659
872,Paul van Meekeren,out,7,12,17,1,0,58.33,Pakistan vs Netherlands,Netherlands,11,ODI # 4659
873,Devon Conway,not out,152,121,147,19,3,125.61,England vs New Zealand,New Zealand,1,ODI # 4658
874,Will Young,out,0,1,5,0,0,0,England vs New Zealand,New Zealand,2,ODI # 4658
875,Rachin Ravindra,not out,123,96,141,11,5,128.12,England vs New Zealand,New Zealand,3,ODI # 4658