,Bowling,Overs,Maiden,Runs,Wickets,Economy,Dots,4s,6s,Wide,No_balls,Match,Team_Innings,Match_id
0,Mitchell Starc,10.0,0,55,3,5.5,30,4,1,3,0,India vs Australia,Australia,ODI # 4705
1,Josh Hazlewood,10.0,0,60,2,6.0,22,4,1,1,0,India vs Australia,Australia,ODI # 4705
2,Glenn Maxwell,6.0,0,35,1,5.83,19,4,1,0,0,India vs Australia,Australia,ODI # 4705
3,Pat Cummins,10.0,0,34,2,3.4,30,0,0,2,0,India vs Australia,Australia,ODI # 4705
4,Adam Zampa,10.0,0,44,1,4.4,22,1,0,1,0,India vs Australia,Australia,ODI # 4705
5,Mitchell Marsh,2.0,0,5,0,2.5,7,0,0,0,0,India vs Australia,Australia,ODI # 4705
6,Travis Head,2.0,0,4,0,2.0,8,0,0,0,0,India vs Australia,Australia,ODI # 4705
7,Mitchell Starc,10.0,1,34,3,3.4,46,3,1,4,0,South Africa vs Australia,Australia,ODI # 4704
8,Josh Hazlewood,8.0,3,12,2,1.5,39,1,0,0,0,South Africa vs Australia,Australia,ODI # 4704
9,Pat Cummins,9.4,0,51,3,5.27,32,5,1,2,0,South Africa vs Australia,Australia,ODI # 4704
10,Adam Zampa,7.0,0,55,0,7.85,21,1,6,0,0,South Africa vs Australia,Australia,ODI # 4704
11,Glenn Maxwell,10.0,0,35,0,3.5,35,3,0,0,0,South Africa vs Australia,Australia,ODI # 4704
12,Travis Head,5.0,0,21,2,4.2,19,3,0,1,0,South Africa vs Australia,Australia,ODI # 4704
13,Trent Boult,10.0,0,86,1,8.6,26,9,4,2,0,India vs New Zealand,New Zealand,ODI # 4703
14,Tim Southee,10.0,0,100,3,10.0,20,8,6,1,0,India vs New Zealand,New Zealand,ODI # 4703
15,Mitchell Santner,10.0,1,51,0,5.1,29,3,2,0,0,India vs New Zealand,New Zealand,ODI # 4703
16,Lockie Ferguson,8.0,0,65,0,8.12,15,7,1,1,0,India vs New Zealand,New Zealand,ODI # 4703
17,Rachin Ravindra,7.0,0,60,0,8.57,13,2,4,2,0,India vs New Zealand,New Zealand,ODI # 4703
18,Glenn Phillips,5.0,0,33,0,6.6,11,1,2,0,0,India vs New Zealand,New Zealand,ODI # 4703
19,Aryan Dutt,7.0,0,52,0,7.42,19,7,1,1,0,India vs Netherlands,Netherlands,ODI # 4702
20,Logan van Beek,10.0,0,107,0,10.7,17,10,6,1,0,India vs Netherlands,Netherlands,ODI # 4702
21,Colin Ackermann,3.0,0,25,0,8.33,5,2,1,1,0,India vs Netherlands,Netherlands,ODI # 4702
22,Paul van Meekeren,10.0,0,90,1,9.0,19,6,5,2,1,India vs Netherlands,Netherlands,ODI # 4702
23,Roelof van der Merwe,10.0,0,53,1,5.3,27,4,1,0,0,India vs Netherlands,Netherlands,ODI # 4702
24,Bas de Leede,10.0,0,82,2,8.2,22,8,2,8,0,India vs Netherlands,Netherlands,ODI # 4702
25,Shaheen Shah Afridi,10.0,1,72,2,7.2,32,9,3,0,0,England vs Pakistan,Pakistan,ODI # 4701
26,Haris Rauf,10.0,0,64,3,6.4,32,7,0,3,0,England vs Pakistan,Pakistan,ODI # 4701
27,Iftikhar Ahmed,7.0,0,38,1,5.42,17,4,0,0,0,England vs Pakistan,Pakistan,ODI # 4701
28,Mohammad Wasim,10.0,0,74,2,7.4,26,7,3,1,0,England vs Pakistan,Pakistan,ODI # 4701
29,Shadab Khan,10.0,0,57,0,5.7,25,5,1,0,0,England vs Pakistan,Pakistan,ODI # 4701
30,Agha Salman,3.0,0,25,0,8.33,7,3,1,0,0,England vs Pakistan,Pakistan,ODI # 4701
31,Josh Hazlewood,7.0,1,21,0,3.0,29,2,0,0,0,Bangladesh vs Australia,Australia,ODI # 4700
32,Pat Cummins,8.0,0,56,0,7.0,22,7,0,4,0,Bangladesh vs Australia,Australia,ODI # 4700
33,Sean Abbott,10.0,0,61,2,6.1,29,4,2,0,1,Bangladesh vs Australia,Australia,ODI # 4700
34,Mitchell Marsh,4.0,0,48,0,12.0,8,6,2,2,1,Bangladesh vs Australia,Australia,ODI # 4700
35,Adam Zampa,10.0,0,32,2,3.2,39,2,1,0,0,Bangladesh vs Australia,Australia,ODI # 4700
36,Travis Head,6.0,0,33,0,5.5,14,2,1,0,0,Bangladesh vs Australia,Australia,ODI # 4700
37,Marcus Stoinis,5.0,0,45,1,9.0,4,4,0,2,0,Bangladesh vs Australia,Australia,ODI # 4700
38,Kagiso Rabada,10.0,0,40,0,4.0,37,4,1,0,0,Afghanistan vs South Africa,South Africa,ODI # 4699
39,Lungi Ngidi,8.3,0,69,2,8.11,28,5,4,6,0,Afghanistan vs South Africa,South Africa,ODI # 4699
40,Aiden Markram,4.3,0,25,0,5.55,13,2,1,0,0,Afghanistan vs South Africa,South Africa,ODI # 4699
41,Gerald Coetzee,10.0,1,44,4,4.4,35,5,0,2,0,Afghanistan vs South Africa,South Africa,ODI # 4699
42,Keshav Maharaj,10.0,1,25,2,2.5,41,0,0,2,0,Afghanistan vs South Africa,South Africa,ODI # 4699
43,Andile Phehlukwayo,7.0,0,36,1,5.14,20,4,0,0,0,Afghanistan vs South Africa,South Africa,ODI # 4699
44,Trent Boult,10.0,3,37,3,3.7,45,6,0,3,0,Sri Lanka vs New Zealand,New Zealand,ODI # 4698
45,Tim Southee,8.0,0,52,1,6.5,29,6,3,0,0,Sri Lanka vs New Zealand,New Zealand,ODI # 4698
46,Lockie Ferguson,10.0,2,35,2,3.5,43,6,0,0,0,Sri Lanka vs New Zealand,New Zealand,ODI # 4698
47,Mitchell Santner,10.0,2,22,2,2.2,45,2,0,0,0,Sri Lanka vs New Zealand,New Zealand,ODI # 4698
48,Rachin Ravindra,7.4,0,21,2,2.73,28,1,0,0,0,Sri Lanka vs New Zealand,New Zealand,ODI # 4698
49,Glenn Phillips,1.0,0,3,0,3.0,3,0,0,0,0,Sri Lanka vs New Zealand,New Zealand,ODI # 4698
50,Aryan Dutt,10.0,0,67,2,6.7,30,5,3,1,1,England vs Netherlands,Netherlands,ODI # 4697
51,Logan van Beek,10.0,0,88,2,8.8,25,10,1,10,0,England vs Netherlands,Netherlands,ODI # 4697
52,Paul van Meekeren,10.0,0,57,1,5.7,28,5,0,5,0,England vs Netherlands,Netherlands,ODI # 4697
53,Bas de Leede,10.0,0,74,3,7.4,26,5,4,0,0,England vs Netherlands,Netherlands,ODI # 4697
54,Roelof van der Merwe,3.0,0,22,0,7.33,6,0,2,0,0,England vs Netherlands,Netherlands,ODI # 4697
55,Colin Ackermann,7.0,0,31,0,4.42,15,1,0,0,0,England vs Netherlands,Netherlands,ODI # 4697
56,Mitchell Starc,9.0,0,70,1,7.77,26,4,4,5,0,Afghanistan vs Australia,Australia,ODI # 4696
57,Josh Hazlewood,9.0,0,39,2,4.33,30,2,1,1,0,Afghanistan vs Australia,Australia,ODI # 4696
58,Glenn Maxwell,10.0,0,55,1,5.5,24,2,1,0,1,Afghanistan vs Australia,Australia,ODI # 4696
59,Pat Cummins,8.0,0,47,0,5.87,25,5,1,1,0,Afghanistan vs Australia,Australia,ODI # 4696
60,Adam Zampa,10.0,0,58,1,5.8,22,2,2,2,0,Afghanistan vs Australia,Australia,ODI # 4696
61,Travis Head,3.0,0,15,0,5.0,7,1,0,0,0,Afghanistan vs Australia,Australia,ODI # 4696
62,Marcus Stoinis,1.0,0,2,0,2.0,4,0,0,0,0,Afghanistan vs Australia,Australia,ODI # 4696
63,Shoriful Islam,9.3,0,51,2,5.36,33,7,0,1,0,Sri Lanka vs Bangladesh,Bangladesh,ODI # 4695
64,Taskin Ahmed,10.0,1,39,0,3.9,39,5,0,1,0,Sri Lanka vs Bangladesh,Bangladesh,ODI # 4695
65,Tanzim Hasan Sakib,10.0,0,80,3,8.0,27,8,4,2,0,Sri Lanka vs Bangladesh,Bangladesh,ODI # 4695
66,Shakib Al Hasan,10.0,0,57,2,5.7,23,1,3,0,0,Sri Lanka vs Bangladesh,Bangladesh,ODI # 4695
67,Mehidy Hasan Miraz,10.0,0,49,1,4.9,30,6,0,0,0,Sri Lanka vs Bangladesh,Bangladesh,ODI # 4695
68,Lungi Ngidi,8.2,0,63,1,7.56,29,8,3,2,0,India vs South Africa,South Africa,ODI # 4694
69,Marco Jansen,9.4,0,94,1,9.72,28,15,1,7,1,India vs South Africa,South Africa,ODI # 4694
70,Kagiso Rabada,10.0,1,48,1,4.8,33,6,0,0,0,India vs South Africa,South Africa,ODI # 4694
71,Keshav Maharaj,10.0,0,30,1,3.0,32,0,0,1,0,India vs South Africa,South Africa,ODI # 4694
72,Tabraiz Shamsi,10.0,0,72,1,7.2,22,5,1,7,1,India vs South Africa,South Africa,ODI # 4694
73,Aiden Markram,2.0,0,17,0,8.5,4,1,1,1,0,India vs South Africa,South Africa,ODI # 4694
74,David Willey,10.0,1,48,1,4.8,31,4,0,1,0,Australia vs England,England,ODI # 4693
75,Chris Woakes,9.3,0,54,4,5.68,31,5,1,0,0,Australia vs England,England,ODI # 4693
76,Mark Wood,10.0,0,70,2,7.0,27,9,0,3,0,Australia vs England,England,ODI # 4693
77,Liam Livingstone,6.0,0,42,1,7.0,10,2,1,0,0,Australia vs England,England,ODI # 4693
78,Moeen Ali,4.0,0,28,0,7.0,9,4,0,0,0,Australia vs England,England,ODI # 4693
79,Adil Rashid,10.0,0,38,2,3.8,34,1,1,0,0,Australia vs England,England,ODI # 4693
80,Shaheen Shah Afridi,10.0,0,90,0,9.0,24,11,2,5,0,New Zealand vs Pakistan,Pakistan,ODI # 4692
81,Hasan Ali,10.0,0,82,1,8.2,26,10,2,2,1,New Zealand vs Pakistan,Pakistan,ODI # 4692
82,Iftikhar Ahmed,8.0,0,55,1,6.87,20,8,0,0,0,New Zealand vs Pakistan,Pakistan,ODI # 4692
83,Haris Rauf,10.0,0,85,1,8.5,24,11,2,2,0,New Zealand vs Pakistan,Pakistan,ODI # 4692
84,Mohammad Wasim,10.0,0,60,3,6.0,28,4,1,3,0,New Zealand vs Pakistan,Pakistan,ODI # 4692
85,Agha Salman,2.0,0,21,0,10.5,3,2,1,1,0,New Zealand vs Pakistan,Pakistan,ODI # 4692
86,Mujeeb Ur Rahman,10.0,0,40,1,4.0,40,4,0,3,0,Netherlands vs Afghanistan,Afghanistan,ODI # 4691
87,Fazalhaq Farooqi,5.0,0,36,0,7.2,20,8,0,2,0,Netherlands vs Afghanistan,Afghanistan,ODI # 4691
88,Azmatullah Omarzai,3.0,0,11,0,3.66,10,1,0,0,0,Netherlands vs Afghanistan,Afghanistan,ODI # 4691
89,Mohammad Nabi,9.3,1,28,3,2.94,39,3,0,1,0,Netherlands vs Afghanistan,Afghanistan,ODI # 4691
90,Rashid Khan,10.0,0,31,0,3.1,35,0,0,3,0,Netherlands vs Afghanistan,Afghanistan,ODI # 4691
91,Noor Ahmad,9.0,0,31,2,3.44,36,3,0,3,0,Netherlands vs Afghanistan,Afghanistan,ODI # 4691
92,Dilshan Madushanka,10.0,0,80,5,8.0,25,8,2,6,0,India vs Sri Lanka,Sri Lanka,ODI # 4690
93,Dushmantha Chameera,10.0,2,71,1,7.1,28,8,2,0,0,India vs Sri Lanka,Sri Lanka,ODI # 4690
94,Kasun Rajitha,9.0,0,65,0,7.22,25,7,2,1,0,India vs Sri Lanka,Sri Lanka,ODI # 4690
95,Angelo Mathews,3.0,0,11,0,3.66,10,1,0,0,0,India vs Sri Lanka,Sri Lanka,ODI # 4690
96,Maheesh Theekshana,10.0,0,67,0,6.7,18,5,1,1,0,India vs Sri Lanka,Sri Lanka,ODI # 4690
97,Dushan Hemantha,8.0,0,52,0,6.5,17,2,2,0,1,India vs Sri Lanka,Sri Lanka,ODI # 4690
98,Trent Boult,10.0,1,49,1,4.9,35,5,1,2,0,South Africa vs New Zealand,New Zealand,ODI # 4689
99,Matt Henry,5.3,0,31,0,5.63,20,4,1,1,0,South Africa vs New Zealand,New Zealand,ODI # 4689
100,Tim Southee,10.0,0,77,2,7.7,19,6,3,1,0,South Africa vs New Zealand,New Zealand,ODI # 4689
101,Mitchell Santner,10.0,0,58,0,5.8,18,2,1,2,0,South Africa vs New Zealand,New Zealand,ODI # 4689
102,Glenn Phillips,7.0,0,52,0,7.42,15,2,3,2,0,South Africa vs New Zealand,New Zealand,ODI # 4689
103,Rachin Ravindra,2.0,0,17,0,8.5,6,2,1,0,0,South Africa vs New Zealand,New Zealand,ODI # 4689
104,James Neesham,5.3,0,69,1,12.54,7,5,5,0,0,South Africa vs New Zealand,New Zealand,ODI # 4689
105,Shaheen Shah Afridi,9.0,1,23,3,2.55,40,2,0,2,0,Bangladesh vs Pakistan,Pakistan,ODI # 4688
106,Iftikhar Ahmed,10.0,0,44,1,4.4,32,5,0,0,0,Bangladesh vs Pakistan,Pakistan,ODI # 4688
107,Haris Rauf,8.0,0,36,2,4.5,28,3,0,2,0,Bangladesh vs Pakistan,Pakistan,ODI # 4688
108,Mohammad Wasim,8.1,1,31,3,3.79,31,4,0,0,0,Bangladesh vs Pakistan,Pakistan,ODI # 4688
109,Usama Mir,10.0,0,66,1,6.6,27,5,3,1,0,Bangladesh vs Pakistan,Pakistan,ODI # 4688
110,Mujeeb Ur Rahman,10.0,0,38,2,3.8,29,2,0,0,0,Sri Lanka vs Afghanistan,Afghanistan,ODI # 4687
111,Fazalhaq Farooqi,10.0,1,34,4,3.4,42,3,1,0,0,Sri Lanka vs Afghanistan,Afghanistan,ODI # 4687
112,Naveen-ul-Haq,6.3,0,47,0,7.23,16,5,1,2,0,Sri Lanka vs Afghanistan,Afghanistan,ODI # 4687
113,Azmatullah Omarzai,7.0,0,37,1,5.28,22,5,0,1,0,Sri Lanka vs Afghanistan,Afghanistan,ODI # 4687
114,Rashid Khan,10.0,0,50,1,5.0,27,3,0,2,0,Sri Lanka vs Afghanistan,Afghanistan,ODI # 4687
115,Mohammad Nabi,6.0,0,33,0,5.5,11,1,0,0,0,Sri Lanka vs Afghanistan,Afghanistan,ODI # 4687
116,David Willey,10.0,2,45,3,4.5,39,4,2,0,0,India vs England,England,ODI # 4686
117,Chris Woakes,9.0,1,33,2,3.66,36,3,0,1,0,India vs England,England,ODI # 4686
118,Adil Rashid,10.0,0,35,2,3.5,35,3,0,0,0,India vs England,England,ODI # 4686
119,Mark Wood,9.0,1,46,1,5.11,32,3,2,2,0,India vs England,England,ODI # 4686
120,Liam Livingstone,4.0,1,29,0,7.25,13,5,0,0,0,India vs England,England,ODI # 4686
121,Moeen Ali,8.0,0,37,0,4.62,19,2,0,0,0,India vs England,England,ODI # 4686
122,Shoriful Islam,10.0,0,51,2,5.1,38,5,1,3,0,Netherlands vs Bangladesh,Bangladesh,ODI # 4685
123,Taskin Ahmed,9.0,1,43,2,4.77,32,6,0,1,0,Netherlands vs Bangladesh,Bangladesh,ODI # 4685
124,Shakib Al Hasan,10.0,1,37,1,3.7,35,4,0,0,0,Netherlands vs Bangladesh,Bangladesh,ODI # 4685
125,Mehidy Hasan Miraz,4.0,0,17,0,4.25,10,1,0,0,0,Netherlands vs Bangladesh,Bangladesh,ODI # 4685
126,Mustafizur Rahman,10.0,1,36,2,3.6,36,3,0,1,0,Netherlands vs Bangladesh,Bangladesh,ODI # 4685
127,Mahedi Hasan,7.0,0,40,2,5.71,23,3,1,1,0,Netherlands vs Bangladesh,Bangladesh,ODI # 4685
128,Matt Henry,6.2,0,67,1,10.57,21,8,4,2,2,Australia vs New Zealand,New Zealand,ODI # 4684
129,Trent Boult,10.0,0,77,3,7.7,25,7,3,3,0,Australia vs New Zealand,New Zealand,ODI # 4684
130,Lockie Ferguson,3.0,0,38,0,12.66,6,3,3,0,0,Australia vs New Zealand,New Zealand,ODI # 4684
131,Mitchell Santner,10.0,0,80,2,8.0,23,6,4,1,0,Australia vs New Zealand,New Zealand,ODI # 4684
132,Glenn Phillips,10.0,0,37,3,3.7,30,2,0,0,0,Australia vs New Zealand,New Zealand,ODI # 4684
133,Rachin Ravindra,8.0,0,56,0,7.0,18,5,2,0,0,Australia vs New Zealand,New Zealand,ODI # 4684
134,James Neesham,2.0,0,32,1,16.0,4,1,4,0,0,Australia vs New Zealand,New Zealand,ODI # 4684
135,Marco Jansen,9.0,1,43,3,4.77,40,5,0,6,2,Pakistan vs South Africa,South Africa,ODI # 4683
136,Lungi Ngidi,7.4,0,45,1,5.86,26,6,0,3,0,Pakistan vs South Africa,South Africa,ODI # 4683
137,Aiden Markram,4.0,0,20,0,5.0,12,2,0,0,0,Pakistan vs South Africa,South Africa,ODI # 4683
138,Keshav Maharaj,9.0,0,56,0,6.22,30,4,4,0,0,Pakistan vs South Africa,South Africa,ODI # 4683
139,Gerald Coetzee,7.0,0,42,2,6.0,20,4,1,1,0,Pakistan vs South Africa,South Africa,ODI # 4683
140,Tabraiz Shamsi,10.0,0,60,4,6.0,28,2,3,1,2,Pakistan vs South Africa,South Africa,ODI # 4683
141,Dilshan Madushanka,5.0,0,37,0,7.4,18,7,0,0,0,England vs Sri Lanka,Sri Lanka,ODI # 4682
142,Kasun Rajitha,7.0,0,36,2,5.14,25,5,0,1,0,England vs Sri Lanka,Sri Lanka,ODI # 4682
143,Maheesh Theekshana,8.2,1,21,1,2.52,36,1,0,3,0,England vs Sri Lanka,Sri Lanka,ODI # 4682
144,Angelo Mathews,5.0,1,14,2,2.8,17,0,0,0,0,England vs Sri Lanka,Sri Lanka,ODI # 4682
145,Lahiru Kumara,7.0,0,35,3,5.0,25,4,1,0,0,England vs Sri Lanka,Sri Lanka,ODI # 4682
146,Dhananjaya de Silva,1.0,0,10,0,10.0,2,2,0,0,0,England vs Sri Lanka,Sri Lanka,ODI # 4682
147,Aryan Dutt,7.0,0,59,1,8.42,17,9,1,0,0,Australia vs Netherlands,Netherlands,ODI # 4681
148,Colin Ackermann,4.0,0,19,0,4.75,10,0,1,0,0,Australia vs Netherlands,Netherlands,ODI # 4681
149,Logan van Beek,10.0,0,74,4,7.4,31,7,3,5,0,Australia vs Netherlands,Netherlands,ODI # 4681
150,Paul van Meekeren,10.0,0,64,0,6.4,29,7,1,3,0,Australia vs Netherlands,Netherlands,ODI # 4681
151,Vikramjit Singh,4.0,0,27,0,6.75,13,3,1,1,0,Australia vs Netherlands,Netherlands,ODI # 4681
152,Roelof van der Merwe,5.0,0,41,0,8.2,11,3,2,1,0,Australia vs Netherlands,Netherlands,ODI # 4681
153,Bas de Leede,10.0,0,115,2,11.5,20,13,6,1,1,Australia vs Netherlands,Netherlands,ODI # 4681
154,Mustafizur Rahman,9.0,0,76,0,8.44,15,7,2,2,0,South Africa vs Bangladesh,Bangladesh,ODI # 4680
155,Mehidy Hasan Miraz,9.0,0,44,1,4.88,29,3,1,2,0,South Africa vs Bangladesh,Bangladesh,ODI # 4680
156,Shoriful Islam,9.0,0,76,1,8.44,19,6,4,0,0,South Africa vs Bangladesh,Bangladesh,ODI # 4680
157,Shakib Al Hasan,9.0,0,69,1,7.66,24,5,4,1,0,South Africa vs Bangladesh,Bangladesh,ODI # 4680
158,Hasan Mahmud,6.0,0,67,2,11.16,12,3,6,1,0,South Africa vs Bangladesh,Bangladesh,ODI # 4680
159,Nasum Ahmed,5.0,0,27,0,5.4,11,1,1,0,0,South Africa vs Bangladesh,Bangladesh,ODI # 4680
160,Mahmudullah,3.0,0,20,0,6.66,7,1,1,1,0,South Africa vs Bangladesh,Bangladesh,ODI # 4680
161,Naveen-ul-Haq,7.0,0,52,2,7.42,22,4,3,3,0,Pakistan vs Afghanistan,Afghanistan,ODI # 4679
162,Mujeeb Ur Rahman,8.0,0,55,0,6.87,20,5,2,0,0,Pakistan vs Afghanistan,Afghanistan,ODI # 4679
163,Mohammad Nabi,10.0,0,31,1,3.1,37,2,0,0,0,Pakistan vs Afghanistan,Afghanistan,ODI # 4679
164,Azmatullah Omarzai,5.0,0,50,1,10.0,9,4,2,3,0,Pakistan vs Afghanistan,Afghanistan,ODI # 4679
165,Rashid Khan,10.0,0,41,0,4.1,30,1,1,0,0,Pakistan vs Afghanistan,Afghanistan,ODI # 4679
166,Noor Ahmad,10.0,0,49,3,4.9,27,1,1,4,1,Pakistan vs Afghanistan,Afghanistan,ODI # 4679
167,Jasprit Bumrah,10.0,1,45,1,4.5,34,5,0,0,0,New Zealand vs India,India,ODI # 4678
168,Mohammed Siraj,10.0,1,45,1,4.5,34,3,1,4,0,New Zealand vs India,India,ODI # 4678
169,Mohammed Shami,10.0,0,54,5,5.4,32,6,1,0,0,New Zealand vs India,India,ODI # 4678
170,Ravindra Jadeja,10.0,0,48,0,4.8,28,2,1,0,0,New Zealand vs India,India,ODI # 4678
171,Kuldeep Yadav,10.0,0,73,2,7.3,25,3,4,3,0,New Zealand vs India,India,ODI # 4678
172,Reece Topley,8.5,0,88,3,9.96,23,10,4,4,0,South Africa vs England,England,ODI # 4677
173,David Willey,9.0,1,61,0,6.77,27,6,2,3,1,South Africa vs England,England,ODI # 4677
174,Joe Root,6.1,0,48,0,7.78,6,2,2,0,0,South Africa vs England,England,ODI # 4677
175,Gus Atkinson,9.0,0,60,2,6.66,27,6,2,1,0,South Africa vs England,England,ODI # 4677
176,Mark Wood,7.0,0,76,0,10.85,9,10,2,1,0,South Africa vs England,England,ODI # 4677
177,Adil Rashid,10.0,0,61,2,6.1,20,4,1,0,0,South Africa vs England,England,ODI # 4677
178,Dilshan Madushanka,9.4,1,49,4,5.06,33,4,0,3,1,Netherlands vs Sri Lanka,Sri Lanka,ODI # 4676
179,Kasun Rajitha,9.0,0,50,4,5.55,32,5,0,6,0,Netherlands vs Sri Lanka,Sri Lanka,ODI # 4676
180,Chamika Karunaratne,9.0,1,58,0,6.44,25,1,2,6,0,Netherlands vs Sri Lanka,Sri Lanka,ODI # 4676
181,Maheesh Theekshana,10.0,0,44,1,4.4,28,0,0,2,0,Netherlands vs Sri Lanka,Sri Lanka,ODI # 4676
182,Dushan Hemantha,8.0,0,42,0,5.25,23,3,1,0,0,Netherlands vs Sri Lanka,Sri Lanka,ODI # 4676
183,Dhananjaya de Silva,4.0,0,13,0,3.25,16,0,0,3,0,Netherlands vs Sri Lanka,Sri Lanka,ODI # 4676
184,Shaheen Shah Afridi,10.0,1,54,5,5.4,39,4,3,3,0,Australia vs Pakistan,Pakistan,ODI # 4675
185,Hasan Ali,8.0,0,57,0,7.12,26,4,3,3,0,Australia vs Pakistan,Pakistan,ODI # 4675
186,Iftikhar Ahmed,8.0,0,37,0,4.62,30,4,1,2,0,Australia vs Pakistan,Pakistan,ODI # 4675
187,Haris Rauf,8.0,0,83,3,10.37,18,8,5,3,0,Australia vs Pakistan,Pakistan,ODI # 4675
188,Usama Mir,9.0,0,82,1,9.11,19,6,5,2,0,Australia vs Pakistan,Pakistan,ODI # 4675
189,Mohammad Nawaz,7.0,0,43,0,6.14,20,3,2,0,0,Australia vs Pakistan,Pakistan,ODI # 4675
190,Jasprit Bumrah,10.0,1,41,2,4.1,39,2,2,1,0,Bangladesh vs India,India,ODI # 4674
191,Mohammed Siraj,10.0,0,60,2,6.0,34,8,1,3,0,Bangladesh vs India,India,ODI # 4674
192,Hardik Pandya,0.3,0,8,0,16.0,1,2,0,0,0,Bangladesh vs India,India,ODI # 4674
193,Virat Kohli,0.3,0,2,0,4.0,1,0,0,0,0,Bangladesh vs India,India,ODI # 4674
194,Shardul Thakur,9.0,0,59,1,6.55,23,3,3,0,0,Bangladesh vs India,India,ODI # 4674
195,Kuldeep Yadav,10.0,0,47,1,4.7,25,1,1,1,0,Bangladesh vs India,India,ODI # 4674
196,Ravindra Jadeja,10.0,0,38,2,3.8,36,2,1,0,0,Bangladesh vs India,India,ODI # 4674
197,Mujeeb Ur Rahman,10.0,0,57,1,5.7,32,4,2,1,0,New Zealand vs Afghanistan,Afghanistan,ODI # 4673
198,Fazalhaq Farooqi,7.0,1,39,0,5.57,23,2,2,2,0,New Zealand vs Afghanistan,Afghanistan,ODI # 4673
199,Naveen-ul-Haq,8.0,0,48,2,6.0,17,4,0,0,0,New Zealand vs Afghanistan,Afghanistan,ODI # 4673
200,Mohammad Nabi,8.0,1,41,0,5.12,30,1,4,0,0,New Zealand vs Afghanistan,Afghanistan,ODI # 4673
201,Rashid Khan,10.0,0,43,1,4.3,35,4,0,2,0,New Zealand vs Afghanistan,Afghanistan,ODI # 4673
202,Azmatullah Omarzai,7.0,0,56,2,8.0,17,4,3,0,1,New Zealand vs Afghanistan,Afghanistan,ODI # 4673
203,Lungi Ngidi,9.0,1,57,2,6.33,31,5,1,6,1,Netherlands vs South Africa,South Africa,ODI # 4672
204,Marco Jansen,8.0,1,27,2,3.37,36,3,0,6,0,Netherlands vs South Africa,South Africa,ODI # 4672
205,Kagiso Rabada,9.0,1,56,2,6.22,30,5,2,3,0,Netherlands vs South Africa,South Africa,ODI # 4672
206,Gerald Coetzee,8.0,0,57,1,7.12,25,5,3,2,0,Netherlands vs South Africa,South Africa,ODI # 4672
207,Keshav Maharaj,9.0,0,38,1,4.22,34,5,0,0,0,Netherlands vs South Africa,South Africa,ODI # 4672
208,Mitchell Starc,10.0,0,43,2,4.3,37,5,0,4,0,Sri Lanka vs Australia,Australia,ODI # 4671
209,Josh Hazlewood,7.0,1,36,0,5.14,28,6,0,1,0,Sri Lanka vs Australia,Australia,ODI # 4671
210,Pat Cummins,7.0,0,32,2,4.57,24,4,0,1,0,Sri Lanka vs Australia,Australia,ODI # 4671
211,Glenn Maxwell,9.3,0,36,1,3.78,30,2,0,1,0,Sri Lanka vs Australia,Australia,ODI # 4671
212,Adam Zampa,8.0,1,47,4,5.87,26,5,1,2,0,Sri Lanka vs Australia,Australia,ODI # 4671
213,Marcus Stoinis,2.0,0,11,0,5.5,5,1,0,0,0,Sri Lanka vs Australia,Australia,ODI # 4671
214,Chris Woakes,4.0,0,41,0,10.25,13,4,2,2,0,Afghanistan vs England,England,ODI # 4670
215,Reece Topley,8.5,1,52,1,5.88,30,5,1,3,1,Afghanistan vs England,England,ODI # 4670
216,Sam Curran,4.0,0,46,0,11.5,9,5,2,0,2,Afghanistan vs England,England,ODI # 4670
217,Adil Rashid,10.0,1,42,3,4.2,29,1,1,1,0,Afghanistan vs England,England,ODI # 4670
218,Mark Wood,9.0,0,50,2,5.55,27,5,1,0,0,Afghanistan vs England,England,ODI # 4670
219,Liam Livingstone,10.0,0,33,1,3.3,31,1,0,0,0,Afghanistan vs England,England,ODI # 4670
220,Joe Root,4.0,0,19,1,4.75,16,2,1,0,0,Afghanistan vs England,England,ODI # 4670
221,Jasprit Bumrah,7.0,1,19,2,2.71,33,3,0,1,0,Pakistan vs India,India,ODI # 4669
222,Mohammed Siraj,8.0,0,50,2,6.25,22,7,0,0,0,Pakistan vs India,India,ODI # 4669
223,Hardik Pandya,6.0,0,34,2,5.66,20,6,0,0,0,Pakistan vs India,India,ODI # 4669
224,Kuldeep Yadav,10.0,0,35,2,3.5,38,4,0,0,0,Pakistan vs India,India,ODI # 4669
225,Ravindra Jadeja,9.5,0,38,2,3.86,35,4,0,0,0,Pakistan vs India,India,ODI # 4669
226,Shardul Thakur,2.0,0,12,0,6.0,6,2,0,0,0,Pakistan vs India,India,ODI # 4669
227,Trent Boult,10.0,0,45,2,4.5,37,5,1,2,0,Bangladesh vs New Zealand,New Zealand,ODI # 4668
228,Matt Henry,10.0,0,58,2,5.8,27,6,0,0,1,Bangladesh vs New Zealand,New Zealand,ODI # 4668
229,Lockie Ferguson,10.0,0,49,3,4.9,44,4,3,2,2,Bangladesh vs New Zealand,New Zealand,ODI # 4668
230,Mitchell Santner,10.0,1,31,1,3.1,36,2,0,0,0,Bangladesh vs New Zealand,New Zealand,ODI # 4668
231,Glenn Phillips,2.0,0,13,1,6.5,8,1,1,0,1,Bangladesh vs New Zealand,New Zealand,ODI # 4668
232,Rachin Ravindra,7.0,0,37,0,5.28,22,2,2,0,0,Bangladesh vs New Zealand,New Zealand,ODI # 4668
233,Daryl Mitchell,1.0,0,11,0,11.0,1,0,1,0,0,Bangladesh vs New Zealand,New Zealand,ODI # 4668
234,Mitchell Starc,9.0,1,53,2,5.88,29,3,3,1,0,South Africa vs Australia,Australia,ODI # 4667
235,Josh Hazlewood,9.0,0,60,1,6.66,30,7,2,3,0,South Africa vs Australia,Australia,ODI # 4667
236,Glenn Maxwell,10.0,1,34,2,3.4,32,0,0,2,0,South Africa vs Australia,Australia,ODI # 4667
237,Pat Cummins,9.0,0,71,1,7.88,19,6,3,0,0,South Africa vs Australia,Australia,ODI # 4667
238,Adam Zampa,10.0,0,70,1,7.0,20,9,0,1,0,South Africa vs Australia,Australia,ODI # 4667
239,Mitchell Marsh,1.0,0,6,0,6.0,1,0,0,0,0,South Africa vs Australia,Australia,ODI # 4667
240,Marcus Stoinis,2.0,0,11,0,5.5,5,1,0,0,0,South Africa vs Australia,Australia,ODI # 4667
241,Jasprit Bumrah,10.0,0,39,4,3.9,41,5,0,3,0,Afghanistan vs India,India,ODI # 4666
242,Mohammed Siraj,9.0,0,76,0,8.44,23,12,1,1,0,Afghanistan vs India,India,ODI # 4666
243,Hardik Pandya,7.0,0,43,2,6.14,23,5,1,2,0,Afghanistan vs India,India,ODI # 4666
244,Shardul Thakur,6.0,0,31,1,5.16,21,2,1,1,1,Afghanistan vs India,India,ODI # 4666
245,Kuldeep Yadav,10.0,0,40,1,4.0,35,0,3,0,0,Afghanistan vs India,India,ODI # 4666
246,Ravindra Jadeja,8.0,0,38,0,4.75,22,1,1,0,1,Afghanistan vs India,India,ODI # 4666
247,Shaheen Shah Afridi,9.0,0,66,1,7.33,27,9,1,4,0,Sri Lanka vs Pakistan,Pakistan,ODI # 4665
248,Hasan Ali,10.0,0,71,4,7.1,32,6,4,3,1,Sri Lanka vs Pakistan,Pakistan,ODI # 4665
249,Mohammad Nawaz,9.0,0,62,1,6.88,23,7,1,0,0,Sri Lanka vs Pakistan,Pakistan,ODI # 4665
250,Haris Rauf,10.0,0,64,2,6.4,30,6,2,1,0,Sri Lanka vs Pakistan,Pakistan,ODI # 4665
251,Shadab Khan,8.0,0,55,1,6.87,20,6,1,0,0,Sri Lanka vs Pakistan,Pakistan,ODI # 4665
252,Iftikhar Ahmed,4.0,0,22,0,5.5,11,2,0,1,0,Sri Lanka vs Pakistan,Pakistan,ODI # 4665
253,Mustafizur Rahman,10.0,0,70,0,7.0,26,6,3,0,0,England vs Bangladesh,Bangladesh,ODI # 4664
254,Taskin Ahmed,6.0,0,38,1,6.33,19,4,1,2,0,England vs Bangladesh,Bangladesh,ODI # 4664
255,Shoriful Islam,10.0,0,75,3,7.5,25,11,0,1,0,England vs Bangladesh,Bangladesh,ODI # 4664
256,Mahedi Hasan,8.0,0,71,4,8.87,17,10,1,0,0,England vs Bangladesh,Bangladesh,ODI # 4664
257,Shakib Al Hasan,10.0,0,52,1,5.2,25,4,0,1,0,England vs Bangladesh,Bangladesh,ODI # 4664
258,Mehidy Hasan Miraz,6.0,0,55,0,9.16,10,6,2,0,0,England vs Bangladesh,Bangladesh,ODI # 4664
259,Aryan Dutt,10.0,2,62,2,6.2,31,3,3,1,0,New Zealand vs Netherlands,Netherlands,ODI # 4663
260,Ryan Klein,7.0,1,41,0,5.85,25,7,0,1,0,New Zealand vs Netherlands,Netherlands,ODI # 4663
261,Paul van Meekeren,9.0,0,59,2,6.55,28,7,2,0,1,New Zealand vs Netherlands,Netherlands,ODI # 4663
262,Roelof van der Merwe,9.0,0,56,2,6.22,20,5,1,0,0,New Zealand vs Netherlands,Netherlands,ODI # 4663
263,Colin Ackermann,4.0,0,28,0,7.0,9,1,2,0,0,New Zealand vs Netherlands,Netherlands,ODI # 4663
264,Bas de Leede,10.0,0,64,1,6.4,28,6,2,0,1,New Zealand vs Netherlands,Netherlands,ODI # 4663
265,Vikramjit Singh,1.0,0,9,0,9.0,1,1,0,0,0,New Zealand vs Netherlands,Netherlands,ODI # 4663
266,Jasprit Bumrah,10.0,0,35,2,3.5,41,1,1,4,0,Australia vs India,India,ODI # 4662
267,Mohammed Siraj,6.3,1,26,1,4.0,26,3,0,2,0,Australia vs India,India,ODI # 4662
268,Hardik Pandya,3.0,0,28,1,9.33,8,6,0,0,0,Australia vs India,India,ODI # 4662
269,Ravichandran Ashwin,10.0,1,34,1,3.4,32,2,0,0,0,Australia vs India,India,ODI # 4662
270,Kuldeep Yadav,10.0,0,42,2,4.2,31,2,1,0,0,Australia vs India,India,ODI # 4662
271,Ravindra Jadeja,10.0,2,28,3,2.8,38,2,0,0,0,Australia vs India,India,ODI # 4662
272,Kasun Rajitha,10.0,1,90,1,9.0,24,8,5,2,0,South Africa vs Sri Lanka,Sri Lanka,ODI # 4661
273,Dilshan Madushanka,10.0,0,86,2,8.6,25,12,1,3,1,South Africa vs Sri Lanka,Sri Lanka,ODI # 4661
274,Dasun Shanaka,6.0,0,36,0,6.0,10,1,1,0,0,South Africa vs Sri Lanka,Sri Lanka,ODI # 4661
275,Dhananjaya de Silva,4.0,0,39,0,9.75,9,4,2,1,0,South Africa vs Sri Lanka,Sri Lanka,ODI # 4661
276,Matheesha Pathirana,10.0,0,95,1,9.5,22,10,2,5,0,South Africa vs Sri Lanka,Sri Lanka,ODI # 4661
277,Dunith Wellalage,10.0,0,81,1,8.1,27,10,3,2,0,South Africa vs Sri Lanka,Sri Lanka,ODI # 4661
278,Taskin Ahmed,6.0,0,32,1,5.33,23,3,1,1,0,Afghanistan vs Bangladesh,Bangladesh,ODI # 4660
279,Shoriful Islam,6.2,1,34,2,5.36,23,5,0,2,0,Afghanistan vs Bangladesh,Bangladesh,ODI # 4660
280,Mustafizur Rahman,7.0,1,28,1,4.0,26,2,1,0,0,Afghanistan vs Bangladesh,Bangladesh,ODI # 4660
281,Shakib Al Hasan,8.0,0,30,3,3.75,28,3,0,0,0,Afghanistan vs Bangladesh,Bangladesh,ODI # 4660
282,Mehidy Hasan Miraz,9.0,3,25,3,2.77,38,1,0,1,0,Afghanistan vs Bangladesh,Bangladesh,ODI # 4660
283,Mahmudullah,1.0,0,7,0,7.0,3,1,0,0,0,Afghanistan vs Bangladesh,Bangladesh,ODI # 4660
284,Aryan Dutt,10.0,0,48,1,4.8,37,7,0,2,0,Pakistan vs Netherlands,Netherlands,ODI # 4659
285,Logan van Beek,6.0,0,30,1,5.0,20,4,0,1,0,Pakistan vs Netherlands,Netherlands,ODI # 4659
286,Colin Ackermann,8.0,1,39,2,4.87,26,1,2,0,0,Pakistan vs Netherlands,Netherlands,ODI # 4659
287,Paul van Meekeren,6.0,0,40,1,6.66,16,5,0,2,0,Pakistan vs Netherlands,Netherlands,ODI # 4659
288,Bas de Leede,9.0,0,62,4,6.88,22,9,0,3,0,Pakistan vs Netherlands,Netherlands,ODI # 4659
289,Roelof van der Merwe,6.0,0,36,0,6.0,14,2,1,0,1,Pakistan vs Netherlands,Netherlands,ODI # 4659
290,Vikramjit Singh,2.0,0,16,0,8.0,5,3,0,0,0,Pakistan vs Netherlands,Netherlands,ODI # 4659
291,Saqib Zulfiqar,2.0,0,15,0,7.5,3,2,0,0,0,Pakistan vs Netherlands,Netherlands,ODI # 4659
292,Trent Boult,10.0,1,48,1,4.8,34,3,2,1,0,England vs New Zealand,New Zealand,ODI # 4658
293,Matt Henry,10.0,1,48,3,4.8,31,6,0,0,0,England vs New Zealand,New Zealand,ODI # 4658
294,Mitchell Santner,10.0,0,37,2,3.7,26,0,0,1,0,England vs New Zealand,New Zealand,ODI # 4658
295,James Neesham,7.0,0,56,0,8.0,15,5,2,2,0,England vs New Zealand,New Zealand,ODI # 4658
296,Rachin Ravindra,10.0,0,76,1,7.6,14,6,2,0,0,England vs New Zealand,New Zealand,ODI # 4658
297,Glenn Phillips,3.0,0,17,2,5.66,5,1,0,0,0,England vs New Zealand,New Zealand,ODI # 4658
298,Jasprit Bumrah,9.0,2,43,2,4.77,37,8,0,0,0,India vs Australia,India,ODI # 4705
299,Mohammed Shami,7.0,1,47,1,6.71,28,6,1,3,0,India vs Australia,India,ODI # 4705
300,Ravindra Jadeja,10.0,0,43,0,4.3,29,1,1,1,0,India vs Australia,India,ODI # 4705
301,Kuldeep Yadav,10.0,0,56,0,5.6,25,3,2,0,0,India vs Australia,India,ODI # 4705
302,Mohammed Siraj,7.0,0,45,1,6.42,16,4,1,0,0,India vs Australia,India,ODI # 4705
303,Marco Jansen,4.2,0,35,0,8.07,18,6,1,4,0,South Africa vs Australia,South Africa,ODI # 4704
304,Kagiso Rabada,6.0,0,41,1,6.83,24,2,4,1,1,South Africa vs Australia,South Africa,ODI # 4704
305,Aiden Markram,8.0,1,23,1,2.87,34,1,1,1,0,South Africa vs Australia,South Africa,ODI # 4704
306,Gerald Coetzee,9.0,0,47,2,5.22,35,8,0,1,1,South Africa vs Australia,South Africa,ODI # 4704
307,Tabraiz Shamsi,10.0,0,42,2,4.2,36,3,0,5,0,South Africa vs Australia,South Africa,ODI # 4704
308,Keshav Maharaj,10.0,0,24,1,2.4,39,1,0,0,0,South Africa vs Australia,South Africa,ODI # 4704
309,Jasprit Bumrah,10.0,1,64,1,6.4,32,6,1,6,0,India vs New Zealand,India,ODI # 4703
310,Mohammed Siraj,9.0,0,78,1,8.66,26,10,3,3,0,India vs New Zealand,India,ODI # 4703
311,Mohammed Shami,9.5,0,57,7,5.79,37,3,4,2,0,India vs New Zealand,India,ODI # 4703
312,Ravindra Jadeja,10.0,0,63,0,6.3,29,3,3,0,1,India vs New Zealand,India,ODI # 4703
313,Kuldeep Yadav,10.0,0,56,1,5.6,26,6,0,0,0,India vs New Zealand,India,ODI # 4703
314,Jasprit Bumrah,9.0,1,33,2,3.66,35,3,0,1,0,India vs Netherlands,India,ODI # 4702
315,Mohammed Siraj,6.0,1,29,2,4.83,23,5,0,1,0,India vs Netherlands,India,ODI # 4702
316,Mohammed Shami,6.0,0,41,0,6.83,15,4,1,1,0,India vs Netherlands,India,ODI # 4702
317,Kuldeep Yadav,10.0,1,41,2,4.1,39,1,3,0,0,India vs Netherlands,India,ODI # 4702
318,Ravindra Jadeja,9.0,0,49,2,5.44,31,4,2,1,0,India vs Netherlands,India,ODI # 4702
319,Virat Kohli,3.0,0,13,1,4.33,10,1,0,0,0,India vs Netherlands,India,ODI # 4702
320,Shubman Gill,2.0,0,11,0,5.5,4,1,0,0,0,India vs Netherlands,India,ODI # 4702
321,Suryakumar Yadav,2.0,0,17,0,8.5,5,0,2,0,0,India vs Netherlands,India,ODI # 4702
322,Rohit Sharma,0.5,0,7,1,8.4,3,0,1,0,0,India vs Netherlands,India,ODI # 4702
323,David Willey,10.0,0,56,3,5.6,37,8,1,2,0,England vs Pakistan,England,ODI # 4701
324,Chris Woakes,5.3,0,27,1,4.9,22,5,0,0,0,England vs Pakistan,England,ODI # 4701
325,Adil Rashid,10.0,0,55,2,5.5,26,4,1,1,0,England vs Pakistan,England,ODI # 4701
326,Gus Atkinson,8.0,0,45,2,5.62,29,3,3,2,0,England vs Pakistan,England,ODI # 4701
327,Moeen Ali,10.0,0,60,2,6.0,27,7,1,0,0,England vs Pakistan,England,ODI # 4701
328,Taskin Ahmed,10.0,0,61,1,6.1,30,6,2,1,0,Bangladesh vs Australia,Bangladesh,ODI # 4700
329,Mahedi Hasan,9.0,0,38,0,4.22,29,3,0,1,0,Bangladesh vs Australia,Bangladesh,ODI # 4700
330,Nasum Ahmed,10.0,0,85,0,8.5,21,9,3,1,0,Bangladesh vs Australia,Bangladesh,ODI # 4700
331,Mehidy Hasan Miraz,6.0,0,47,0,7.83,13,3,3,0,0,Bangladesh vs Australia,Bangladesh,ODI # 4700
332,Mustafizur Rahman,9.4,1,76,1,7.86,20,8,2,1,0,Bangladesh vs Australia,Bangladesh,ODI # 4700
333,Mujeeb Ur Rahman,10.0,0,51,1,5.1,33,4,2,1,0,Afghanistan vs South Africa,Afghanistan,ODI # 4699
334,Naveen-ul-Haq,6.3,0,52,0,8.0,16,2,4,1,0,Afghanistan vs South Africa,Afghanistan,ODI # 4699
335,Mohammad Nabi,10.0,1,35,2,3.5,36,3,0,0,0,Afghanistan vs South Africa,Afghanistan,ODI # 4699
336,Azmatullah Omarzai,1.0,0,8,0,8.0,3,0,1,0,0,Afghanistan vs South Africa,Afghanistan,ODI # 4699
337,Rashid Khan,10.0,1,37,2,3.7,38,2,1,1,0,Afghanistan vs South Africa,Afghanistan,ODI # 4699
338,Noor Ahmad,9.0,0,49,0,5.44,23,3,0,3,0,Afghanistan vs South Africa,Afghanistan,ODI # 4699
339,Rahmat Shah,1.0,0,12,0,12.0,2,1,1,0,0,Afghanistan vs South Africa,Afghanistan,ODI # 4699
340,Dilshan Madushanka,6.2,0,58,0,9.15,16,11,0,1,0,Sri Lanka vs New Zealand,Sri Lanka,ODI # 4698
341,Maheesh Theekshana,7.0,0,43,1,6.14,24,6,1,0,0,Sri Lanka vs New Zealand,Sri Lanka,ODI # 4698
342,Dhananjaya de Silva,2.0,0,22,0,11.0,3,1,2,0,0,Sri Lanka vs New Zealand,Sri Lanka,ODI # 4698
343,Dushmantha Chameera,4.0,1,20,1,5.0,17,1,2,0,0,Sri Lanka vs New Zealand,Sri Lanka,ODI # 4698
344,Angelo Mathews,4.0,0,29,2,7.25,10,4,0,1,0,Sri Lanka vs New Zealand,Sri Lanka,ODI # 4698
345,Chris Woakes,7.0,0,19,1,2.71,33,2,0,2,0,England vs Netherlands,England,ODI # 4697
346,David Willey,7.0,2,19,2,2.71,33,3,0,0,0,England vs Netherlands,England,ODI # 4697
347,Gus Atkinson,7.0,0,41,0,5.85,25,4,2,1,0,England vs Netherlands,England,ODI # 4697
348,Moeen Ali,8.2,0,42,3,5.04,23,1,2,0,0,England vs Netherlands,England,ODI # 4697
349,Adil Rashid,8.0,0,54,3,6.75,22,5,2,1,0,England vs Netherlands,England,ODI # 4697
350,Mujeeb Ur Rahman,8.5,1,72,0,8.15,28,8,4,0,0,Afghanistan vs Australia,Afghanistan,ODI # 4696
351,Naveen-ul-Haq,9.0,0,47,2,5.22,34,5,2,1,0,Afghanistan vs Australia,Afghanistan,ODI # 4696
352,Azmatullah Omarzai,7.0,1,52,2,7.42,25,7,2,1,0,Afghanistan vs Australia,Afghanistan,ODI # 4696
353,Rashid Khan,10.0,0,44,2,4.4,36,3,1,3,0,Afghanistan vs Australia,Afghanistan,ODI # 4696
354,Noor Ahmad,10.0,1,53,0,5.3,36,4,2,1,0,Afghanistan vs Australia,Afghanistan,ODI # 4696
355,Mohammad Nabi,2.0,0,20,0,10.0,6,3,1,0,0,Afghanistan vs Australia,Afghanistan,ODI # 4696
356,Dilshan Madushanka,10.0,1,69,3,6.9,35,7,3,4,0,Sri Lanka vs Bangladesh,Sri Lanka,ODI # 4695
357,Maheesh Theekshana,9.0,0,44,2,4.88,34,6,0,3,0,Sri Lanka vs Bangladesh,Sri Lanka,ODI # 4695
358,Kasun Rajitha,4.0,0,47,0,11.75,7,5,3,0,0,Sri Lanka vs Bangladesh,Sri Lanka,ODI # 4695
359,Dushmantha Chameera,8.0,0,54,0,6.75,25,8,1,2,0,Sri Lanka vs Bangladesh,Sri Lanka,ODI # 4695
360,Angelo Mathews,7.1,1,35,2,4.88,24,4,0,1,0,Sri Lanka vs Bangladesh,Sri Lanka,ODI # 4695
361,Dhananjaya de Silva,3.0,0,20,0,6.66,8,3,0,0,0,Sri Lanka vs Bangladesh,Sri Lanka,ODI # 4695
362,Jasprit Bumrah,5.0,0,14,0,2.8,23,2,0,1,0,India vs South Africa,India,ODI # 4694
363,Mohammed Siraj,4.0,1,11,1,2.75,18,1,0,0,0,India vs South Africa,India,ODI # 4694
364,Ravindra Jadeja,9.0,1,33,5,3.66,37,5,0,0,0,India vs South Africa,India,ODI # 4694
365,Mohammed Shami,4.0,0,18,2,4.5,16,2,0,1,0,India vs South Africa,India,ODI # 4694
366,Kuldeep Yadav,5.1,1,7,2,1.35,24,0,0,0,0,India vs South Africa,India,ODI # 4694
367,Mitchell Starc,10.0,0,66,2,6.6,29,7,1,4,0,Australia vs England,Australia,ODI # 4693
368,Josh Hazlewood,9.1,1,49,2,5.34,34,6,1,2,0,Australia vs England,Australia,ODI # 4693
369,Pat Cummins,10.0,1,49,2,4.9,32,5,1,0,0,Australia vs England,Australia,ODI # 4693
370,Adam Zampa,10.0,0,21,3,2.1,41,0,0,2,0,Australia vs England,Australia,ODI # 4693
371,Travis Head,5.0,0,28,0,5.6,12,0,2,0,0,Australia vs England,Australia,ODI # 4693
372,Marcus Stoinis,4.0,0,34,1,8.5,8,4,1,0,0,Australia vs England,Australia,ODI # 4693
373,Trent Boult,6.0,0,50,0,8.33,20,7,2,2,0,New Zealand vs Pakistan,New Zealand,ODI # 4692
374,Tim Southee,5.0,0,27,1,5.4,17,1,2,0,0,New Zealand vs Pakistan,New Zealand,ODI # 4692
375,Mitchell Santner,5.0,0,35,0,7.0,13,1,3,0,0,New Zealand vs Pakistan,New Zealand,ODI # 4692
376,Glenn Phillips,5.0,1,42,0,8.4,13,3,3,0,0,New Zealand vs Pakistan,New Zealand,ODI # 4692
377,Ish Sodhi,4.0,0,44,0,11.0,6,3,3,1,0,New Zealand vs Pakistan,New Zealand,ODI # 4692
378,Daryl Mitchell,0.3,0,1,0,2.0,2,0,0,0,0,New Zealand vs Pakistan,New Zealand,ODI # 4692
379,Aryan Dutt,8.3,0,49,0,5.76,25,6,0,3,0,Netherlands vs Afghanistan,Netherlands,ODI # 4691
380,Logan van Beek,7.0,0,30,1,4.28,26,3,0,2,0,Netherlands vs Afghanistan,Netherlands,ODI # 4691
381,Paul van Meekeren,5.0,0,35,0,7.0,15,6,0,1,1,Netherlands vs Afghanistan,Netherlands,ODI # 4691
382,Roelof van der Merwe,5.0,0,27,1,5.4,11,2,0,0,0,Netherlands vs Afghanistan,Netherlands,ODI # 4691
383,Saqib Zulfiqar,3.0,0,25,1,8.33,8,4,0,0,1,Netherlands vs Afghanistan,Netherlands,ODI # 4691
384,Colin Ackermann,3.0,0,12,0,4.0,8,0,0,1,0,Netherlands vs Afghanistan,Netherlands,ODI # 4691
385,Jasprit Bumrah,5.0,1,8,1,1.6,26,0,0,3,0,India vs Sri Lanka,India,ODI # 4690
386,Mohammed Siraj,7.0,2,16,3,2.28,35,2,0,1,0,India vs Sri Lanka,India,ODI # 4690
387,Mohammed Shami,5.0,1,18,5,3.6,22,3,0,0,0,India vs Sri Lanka,India,ODI # 4690
388,Kuldeep Yadav,2.0,0,3,0,1.5,9,0,0,0,0,India vs Sri Lanka,India,ODI # 4690
389,Ravindra Jadeja,0.4,0,4,1,6.0,3,1,0,0,0,India vs Sri Lanka,India,ODI # 4690
390,Marco Jansen,8.0,1,31,3,3.87,29,3,0,1,1,South Africa vs New Zealand,South Africa,ODI # 4689
391,Lungi Ngidi,6.0,1,28,0,4.66,23,4,0,0,0,South Africa vs New Zealand,South Africa,ODI # 4689
392,Kagiso Rabada,6.0,2,16,1,2.66,27,2,0,0,0,South Africa vs New Zealand,South Africa,ODI # 4689
393,Gerald Coetzee,6.3,0,41,2,6.3,24,5,1,1,0,South Africa vs New Zealand,South Africa,ODI # 4689
394,Keshav Maharaj,9.0,0,46,4,5.11,32,3,3,0,0,South Africa vs New Zealand,South Africa,ODI # 4689
395,Taskin Ahmed,6.0,1,36,0,6.0,21,2,3,0,0,Bangladesh vs Pakistan,Bangladesh,ODI # 4688
396,Shoriful Islam,4.0,1,25,0,6.25,16,3,1,1,0,Bangladesh vs Pakistan,Bangladesh,ODI # 4688
397,Mehidy Hasan Miraz,9.0,0,60,3,6.66,25,3,4,0,0,Bangladesh vs Pakistan,Bangladesh,ODI # 4688
398,Mustafizur Rahman,7.0,0,47,0,6.71,23,9,0,1,0,Bangladesh vs Pakistan,Bangladesh,ODI # 4688
399,Shakib Al Hasan,5.3,0,30,0,5.45,13,1,1,0,0,Bangladesh vs Pakistan,Bangladesh,ODI # 4688
400,Najmul Hossain Shanto,1.0,0,5,0,5.0,4,1,0,0,0,Bangladesh vs Pakistan,Bangladesh,ODI # 4688
401,Dilshan Madushanka,9.0,0,48,2,5.33,28,4,1,3,0,Sri Lanka vs Afghanistan,Sri Lanka,ODI # 4687
402,Kasun Rajitha,10.0,0,48,1,4.8,37,4,1,2,0,Sri Lanka vs Afghanistan,Sri Lanka,ODI # 4687
403,Angelo Mathews,3.0,0,18,0,6.0,8,2,0,0,0,Sri Lanka vs Afghanistan,Sri Lanka,ODI # 4687
404,Dushmantha Chameera,9.2,0,51,0,5.46,29,4,2,0,0,Sri Lanka vs Afghanistan,Sri Lanka,ODI # 4687
405,Maheesh Theekshana,10.0,0,55,0,5.5,25,3,1,3,0,Sri Lanka vs Afghanistan,Sri Lanka,ODI # 4687
406,Dhananjaya de Silva,4.0,0,21,0,5.25,9,2,0,0,0,Sri Lanka vs Afghanistan,Sri Lanka,ODI # 4687
407,Jasprit Bumrah,6.5,1,32,3,4.68,31,3,2,2,0,India vs England,India,ODI # 4686
408,Mohammed Siraj,6.0,0,33,0,5.5,22,3,1,2,0,India vs England,India,ODI # 4686
409,Mohammed Shami,7.0,2,22,4,3.14,33,3,0,2,0,India vs England,India,ODI # 4686
410,Kuldeep Yadav,8.0,0,24,2,3.0,28,1,0,0,0,India vs England,India,ODI # 4686
411,Ravindra Jadeja,7.0,1,16,1,2.28,27,0,0,0,0,India vs England,India,ODI # 4686
412,Aryan Dutt,10.0,3,26,1,2.6,48,3,1,0,0,Netherlands vs Bangladesh,Netherlands,ODI # 4685
413,Logan van Beek,9.0,1,30,1,3.33,39,3,0,4,0,Netherlands vs Bangladesh,Netherlands,ODI # 4685
414,Colin Ackermann,7.0,1,25,1,3.57,29,2,1,0,0,Netherlands vs Bangladesh,Netherlands,ODI # 4685
415,Paul van Meekeren,7.2,0,23,4,3.13,30,2,0,2,0,Netherlands vs Bangladesh,Netherlands,ODI # 4685
416,Bas de Leede,7.0,0,25,2,3.57,30,4,0,0,0,Netherlands vs Bangladesh,Netherlands,ODI # 4685
417,Shariz Ahmad,2.0,0,13,0,6.5,5,2,0,0,0,Netherlands vs Bangladesh,Netherlands,ODI # 4685
418,Mitchell Starc,9.0,0,89,0,9.88,21,6,3,9,0,Australia vs New Zealand,Australia,ODI # 4684
419,Josh Hazlewood,9.0,0,70,2,7.77,24,9,2,1,0,Australia vs New Zealand,Australia,ODI # 4684
420,Pat Cummins,10.0,0,66,2,6.6,26,7,1,3,0,Australia vs New Zealand,Australia,ODI # 4684
421,Glenn Maxwell,10.0,0,62,1,6.2,22,4,2,0,0,Australia vs New Zealand,Australia,ODI # 4684
422,Adam Zampa,10.0,0,74,3,7.4,22,6,3,0,0,Australia vs New Zealand,Australia,ODI # 4684
423,Mitchell Marsh,2.0,0,18,0,9.0,3,1,1,1,0,Australia vs New Zealand,Australia,ODI # 4684
424,Iftikhar Ahmed,3.0,0,23,0,7.66,9,1,1,1,0,Pakistan vs South Africa,Pakistan,ODI # 4683
425,Shaheen Shah Afridi,10.0,0,45,3,4.5,37,5,0,3,0,Pakistan vs South Africa,Pakistan,ODI # 4683
426,Mohammad Nawaz,6.2,0,40,0,6.31,15,4,1,0,0,Pakistan vs South Africa,Pakistan,ODI # 4683
427,Haris Rauf,10.0,0,62,2,6.2,29,3,3,2,0,Pakistan vs South Africa,Pakistan,ODI # 4683
428,Mohammad Wasim,10.0,1,50,2,5.0,37,7,0,3,0,Pakistan vs South Africa,Pakistan,ODI # 4683
429,Usama Mir,8.0,0,45,2,5.62,25,1,3,1,0,Pakistan vs South Africa,Pakistan,ODI # 4683
430,Chris Woakes,6.0,0,30,0,5.0,21,4,0,2,0,England vs Sri Lanka,England,ODI # 4682
431,David Willey,5.0,0,30,2,6.0,18,5,0,1,0,England vs Sri Lanka,England,ODI # 4682
432,Adil Rashid,4.4,0,39,0,8.35,9,1,3,0,0,England vs Sri Lanka,England,ODI # 4682
433,Mark Wood,4.0,0,23,0,5.75,12,3,0,0,0,England vs Sri Lanka,England,ODI # 4682
434,Liam Livingstone,3.0,0,17,0,5.66,8,2,0,0,0,England vs Sri Lanka,England,ODI # 4682
435,Moeen Ali,3.0,0,21,0,7.0,5,2,0,0,0,England vs Sri Lanka,England,ODI # 4682
436,Mitchell Starc,4.0,0,22,1,5.5,19,5,0,2,0,Australia vs Netherlands,Australia,ODI # 4681
437,Josh Hazlewood,6.0,0,27,1,4.5,25,4,0,2,0,Australia vs Netherlands,Australia,ODI # 4681
438,Pat Cummins,4.0,0,14,1,3.5,16,2,0,0,0,Australia vs Netherlands,Australia,ODI # 4681
439,Mitchell Marsh,4.0,0,19,2,4.75,15,2,0,3,0,Australia vs Netherlands,Australia,ODI # 4681
440,Adam Zampa,3.0,0,8,4,2.66,10,0,0,0,0,Australia vs Netherlands,Australia,ODI # 4681
441,Marco Jansen,8.0,0,39,2,4.87,34,5,0,5,0,South Africa vs Bangladesh,South Africa,ODI # 4680
442,Lizaad Williams,8.4,1,56,2,6.46,33,7,2,5,0,South Africa vs Bangladesh,South Africa,ODI # 4680
443,Gerald Coetzee,10.0,0,62,3,6.2,36,8,2,1,1,South Africa vs Bangladesh,South Africa,ODI # 4680
444,Kagiso Rabada,10.0,1,42,2,4.2,36,3,1,0,1,South Africa vs Bangladesh,South Africa,ODI # 4680
445,Keshav Maharaj,10.0,0,32,1,3.2,36,2,0,1,0,South Africa vs Bangladesh,South Africa,ODI # 4680
446,Shaheen Shah Afridi,10.0,0,58,1,5.8,27,5,0,2,0,Pakistan vs Afghanistan,Pakistan,ODI # 4679
447,Hasan Ali,10.0,1,44,1,4.4,42,4,2,1,0,Pakistan vs Afghanistan,Pakistan,ODI # 4679
448,Haris Rauf,8.0,1,53,0,6.62,19,6,0,3,0,Pakistan vs Afghanistan,Pakistan,ODI # 4679
449,Usama Mir,8.0,0,55,0,6.87,19,6,0,2,1,Pakistan vs Afghanistan,Pakistan,ODI # 4679
450,Shadab Khan,8.0,0,49,0,6.12,22,6,0,0,0,Pakistan vs Afghanistan,Pakistan,ODI # 4679
451,Iftikhar Ahmed,5.0,0,27,0,5.4,15,1,1,0,0,Pakistan vs Afghanistan,Pakistan,ODI # 4679
452,Trent Boult,10.0,0,60,1,6.0,33,6,2,1,0,New Zealand vs India,New Zealand,ODI # 4678
453,Matt Henry,9.0,0,55,1,6.11,31,7,2,0,0,New Zealand vs India,New Zealand,ODI # 4678
454,Mitchell Santner,10.0,0,37,1,3.7,32,1,1,0,0,New Zealand vs India,New Zealand,ODI # 4678
455,Lockie Ferguson,8.0,0,63,2,7.87,22,11,0,2,0,New Zealand vs India,New Zealand,ODI # 4678
456,Rachin Ravindra,9.0,0,46,0,5.11,28,3,2,1,0,New Zealand vs India,New Zealand,ODI # 4678
457,Glenn Phillips,2.0,0,12,0,6.0,3,1,0,0,0,New Zealand vs India,New Zealand,ODI # 4678
458,Lungi Ngidi,5.0,1,26,2,5.2,23,2,2,3,0,South Africa vs England,South Africa,ODI # 4677
459,Marco Jansen,5.0,0,35,2,7.0,19,4,2,1,0,South Africa vs England,South Africa,ODI # 4677
460,Kagiso Rabada,6.0,1,38,1,6.33,24,6,1,0,1,South Africa vs England,South Africa,ODI # 4677
461,Gerald Coetzee,4.0,0,35,3,8.75,13,5,1,1,0,South Africa vs England,South Africa,ODI # 4677
462,Keshav Maharaj,2.0,0,27,1,13.5,4,1,3,0,0,South Africa vs England,South Africa,ODI # 4677
463,Aryan Dutt,10.0,0,44,3,4.4,38,3,1,2,0,Netherlands vs Sri Lanka,Netherlands,ODI # 4676
464,Logan van Beek,10.0,0,57,0,5.7,36,6,2,0,0,Netherlands vs Sri Lanka,Netherlands,ODI # 4676
465,Paul van Meekeren,8.0,1,39,1,4.87,29,4,0,2,0,Netherlands vs Sri Lanka,Netherlands,ODI # 4676
466,Bas de Leede,3.0,0,29,0,9.66,7,4,0,2,0,Netherlands vs Sri Lanka,Netherlands,ODI # 4676
467,Roelof van der Merwe,9.0,0,42,0,4.66,25,3,0,1,0,Netherlands vs Sri Lanka,Netherlands,ODI # 4676
468,Colin Ackermann,8.2,0,39,1,4.68,25,3,0,0,0,Netherlands vs Sri Lanka,Netherlands,ODI # 4676
469,Mitchell Starc,8.0,0,65,1,8.12,22,10,0,6,0,Australia vs Pakistan,Australia,ODI # 4675
470,Josh Hazlewood,10.0,1,37,1,3.7,40,5,0,1,0,Australia vs Pakistan,Australia,ODI # 4675
471,Pat Cummins,7.3,0,62,2,8.26,22,6,4,0,0,Australia vs Pakistan,Australia,ODI # 4675
472,Adam Zampa,10.0,0,53,4,5.3,25,3,1,1,0,Australia vs Pakistan,Australia,ODI # 4675
473,Glenn Maxwell,5.0,0,40,0,8.0,10,6,0,0,0,Australia vs Pakistan,Australia,ODI # 4675
474,Marcus Stoinis,5.0,0,40,2,8.0,10,4,1,3,0,Australia vs Pakistan,Australia,ODI # 4675
475,Shoriful Islam,8.0,0,54,0,6.75,25,6,2,0,0,Bangladesh vs India,Bangladesh,ODI # 4674
476,Mustafizur Rahman,5.0,0,29,0,5.8,17,5,0,0,0,Bangladesh vs India,Bangladesh,ODI # 4674
477,Nasum Ahmed,9.3,0,60,0,6.31,30,4,4,0,0,Bangladesh vs India,Bangladesh,ODI # 4674
478,Hasan Mahmud,8.0,0,65,1,8.12,22,5,3,1,2,Bangladesh vs India,Bangladesh,ODI # 4674
479,Mehidy Hasan Miraz,10.0,0,47,2,4.7,24,3,0,1,0,Bangladesh vs India,Bangladesh,ODI # 4674
480,Mahmudullah,1.0,0,6,0,6.0,0,0,0,0,0,Bangladesh vs India,Bangladesh,ODI # 4674
481,Trent Boult,7.0,1,18,2,2.57,32,1,0,2,0,New Zealand vs Afghanistan,New Zealand,ODI # 4673
482,Matt Henry,5.0,2,16,1,3.2,22,1,1,0,0,New Zealand vs Afghanistan,New Zealand,ODI # 4673
483,Mitchell Santner,7.4,0,39,3,5.08,24,3,1,1,0,New Zealand vs Afghanistan,New Zealand,ODI # 4673
484,Lockie Ferguson,7.0,1,19,3,2.71,32,2,0,1,0,New Zealand vs Afghanistan,New Zealand,ODI # 4673
485,Glenn Phillips,3.0,0,13,0,4.33,7,0,0,1,0,New Zealand vs Afghanistan,New Zealand,ODI # 4673
486,Rachin Ravindra,5.0,0,34,1,6.8,11,4,0,0,0,New Zealand vs Afghanistan,New Zealand,ODI # 4673
487,Aryan Dutt,5.0,1,19,0,3.8,21,3,0,0,0,Netherlands vs South Africa,Netherlands,ODI # 4672
488,Logan van Beek,8.5,0,60,3,6.79,30,7,2,1,1,Netherlands vs South Africa,Netherlands,ODI # 4672
489,Colin Ackermann,3.0,0,16,1,5.33,13,2,1,0,0,Netherlands vs South Africa,Netherlands,ODI # 4672
490,Paul van Meekeren,9.0,0,40,2,4.44,33,4,1,0,0,Netherlands vs South Africa,Netherlands,ODI # 4672
491,Roelof van der Merwe,9.0,0,34,2,3.77,29,1,1,0,0,Netherlands vs South Africa,Netherlands,ODI # 4672
492,Bas de Leede,8.0,0,36,2,4.5,28,3,0,4,0,Netherlands vs South Africa,Netherlands,ODI # 4672
493,Lahiru Kumara,4.0,0,47,0,11.75,8,5,2,0,0,Sri Lanka vs Australia,Sri Lanka,ODI # 4671
494,Dilshan Madushanka,9.0,2,38,3,4.22,34,5,0,1,0,Sri Lanka vs Australia,Sri Lanka,ODI # 4671
495,Maheesh Theekshana,7.0,0,49,0,7.0,19,5,2,0,0,Sri Lanka vs Australia,Sri Lanka,ODI # 4671
496,Dunith Wellalage,9.2,0,53,1,5.67,29,6,1,0,0,Sri Lanka vs Australia,Sri Lanka,ODI # 4671
497,Chamika Karunaratne,3.0,0,15,0,5.0,9,1,0,2,0,Sri Lanka vs Australia,Sri Lanka,ODI # 4671
498,Dhananjaya de Silva,3.0,0,13,0,4.33,8,0,0,0,0,Sri Lanka vs Australia,Sri Lanka,ODI # 4671
499,Mujeeb Ur Rahman,10.0,1,51,3,5.1,31,2,1,1,0,Afghanistan vs England,Afghanistan,ODI # 4670
500,Fazalhaq Farooqi,7.0,0,50,1,7.14,23,9,0,2,0,Afghanistan vs England,Afghanistan,ODI # 4670
501,Naveen-ul-Haq,6.0,1,44,1,7.33,17,8,0,0,1,Afghanistan vs England,Afghanistan,ODI # 4670
502,Mohammad Nabi,6.0,0,16,2,2.66,23,0,0,1,0,Afghanistan vs England,Afghanistan,ODI # 4670
503,Rashid Khan,9.3,1,37,3,3.89,30,3,0,0,0,Afghanistan vs England,Afghanistan,ODI # 4670
504,Azmatullah Omarzai,2.0,0,13,0,6.5,5,2,0,0,0,Afghanistan vs England,Afghanistan,ODI # 4670
505,Shaheen Shah Afridi,6.0,0,36,2,6.0,21,5,1,1,0,Pakistan vs India,Pakistan,ODI # 4669
506,Hasan Ali,6.0,0,34,1,5.66,23,7,0,0,0,Pakistan vs India,Pakistan,ODI # 4669
507,Mohammad Nawaz,8.3,0,47,0,5.52,23,3,2,0,0,Pakistan vs India,Pakistan,ODI # 4669
508,Haris Rauf,6.0,0,43,0,7.16,14,1,3,0,0,Pakistan vs India,Pakistan,ODI # 4669
509,Shadab Khan,4.0,0,31,0,7.75,10,2,2,0,0,Pakistan vs India,Pakistan,ODI # 4669
510,Mustafizur Rahman,8.0,0,36,1,4.5,26,3,0,3,0,Bangladesh vs New Zealand,Bangladesh,ODI # 4668
511,Shoriful Islam,7.5,1,43,0,5.48,30,5,1,3,0,Bangladesh vs New Zealand,Bangladesh,ODI # 4668
512,Taskin Ahmed,8.0,0,56,0,7.0,20,6,1,3,0,Bangladesh vs New Zealand,Bangladesh,ODI # 4668
513,Shakib Al Hasan,10.0,0,54,1,5.4,30,2,3,0,0,Bangladesh vs New Zealand,Bangladesh,ODI # 4668
514,Mehidy Hasan Miraz,9.0,0,58,0,6.44,17,4,1,1,0,Bangladesh vs New Zealand,Bangladesh,ODI # 4668
515,Lungi Ngidi,8.0,2,18,1,2.25,35,0,0,1,0,South Africa vs Australia,South Africa,ODI # 4667
516,Marco Jansen,7.0,0,54,2,7.71,24,8,0,3,1,South Africa vs Australia,South Africa,ODI # 4667
517,Kagiso Rabada,8.0,1,33,3,4.12,35,5,0,1,1,South Africa vs Australia,South Africa,ODI # 4667
518,Keshav Maharaj,10.0,0,30,2,3.0,40,2,0,2,0,South Africa vs Australia,South Africa,ODI # 4667
519,Tabraiz Shamsi,7.5,0,38,2,4.85,24,4,0,0,0,South Africa vs Australia,South Africa,ODI # 4667
520,Fazalhaq Farooqi,6.0,0,50,0,8.33,17,6,2,1,0,Afghanistan vs India,Afghanistan,ODI # 4666
521,Mujeeb Ur Rahman,8.0,0,64,0,8.0,18,6,1,3,0,Afghanistan vs India,Afghanistan,ODI # 4666
522,Naveen-ul-Haq,5.0,0,31,0,6.2,16,4,1,0,0,Afghanistan vs India,Afghanistan,ODI # 4666
523,Azmatullah Omarzai,4.0,0,34,0,8.5,12,5,1,1,0,Afghanistan vs India,Afghanistan,ODI # 4666
524,Mohammad Nabi,4.0,0,32,0,8.0,11,3,2,0,0,Afghanistan vs India,Afghanistan,ODI # 4666
525,Rashid Khan,8.0,0,57,2,7.12,12,4,1,1,0,Afghanistan vs India,Afghanistan,ODI # 4666
526,Maheesh Theekshana,10.0,0,59,1,5.9,23,3,0,1,0,Sri Lanka vs Pakistan,Sri Lanka,ODI # 4665
527,Dilshan Madushanka,9.2,0,60,2,6.42,27,5,1,2,1,Sri Lanka vs Pakistan,Sri Lanka,ODI # 4665
528,Dasun Shanaka,5.0,0,28,0,5.6,10,2,0,0,0,Sri Lanka vs Pakistan,Sri Lanka,ODI # 4665
529,Matheesha Pathirana,9.0,0,90,1,10.0,14,8,1,9,0,Sri Lanka vs Pakistan,Sri Lanka,ODI # 4665
530,Dunith Wellalage,10.0,0,62,0,6.2,24,4,2,0,0,Sri Lanka vs Pakistan,Sri Lanka,ODI # 4665
531,Dhananjaya de Silva,4.0,0,36,0,9.0,7,3,2,0,0,Sri Lanka vs Pakistan,Sri Lanka,ODI # 4665
532,Charith Asalanka,1.0,0,10,0,10.0,1,1,0,0,0,Sri Lanka vs Pakistan,Sri Lanka,ODI # 4665
533,Chris Woakes,8.0,0,49,2,6.12,24,6,0,0,0,England vs Bangladesh,England,ODI # 4664
534,Reece Topley,10.0,1,43,4,4.3,35,3,1,0,0,England vs Bangladesh,England,ODI # 4664
535,Sam Curran,7.2,0,47,1,6.4,15,5,0,2,0,England vs Bangladesh,England,ODI # 4664
536,Mark Wood,10.0,0,29,1,2.9,38,2,0,1,0,England vs Bangladesh,England,ODI # 4664
537,Adil Rashid,10.0,0,42,1,4.2,31,1,1,0,0,England vs Bangladesh,England,ODI # 4664
538,Liam Livingstone,3.0,0,13,1,4.33,11,0,1,0,0,England vs Bangladesh,England,ODI # 4664
539,Trent Boult,8.0,0,34,0,4.25,29,3,0,1,0,New Zealand vs Netherlands,New Zealand,ODI # 4663
540,Matt Henry,8.3,0,40,3,4.7,29,4,0,0,0,New Zealand vs Netherlands,New Zealand,ODI # 4663
541,Mitchell Santner,10.0,0,59,5,5.9,30,4,2,0,0,New Zealand vs Netherlands,New Zealand,ODI # 4663
542,Lockie Ferguson,8.0,0,32,0,4.0,31,5,0,0,0,New Zealand vs Netherlands,New Zealand,ODI # 4663
543,Rachin Ravindra,10.0,0,46,1,4.6,30,3,1,0,1,New Zealand vs Netherlands,New Zealand,ODI # 4663
544,Glenn Phillips,2.0,0,11,0,5.5,2,0,0,0,0,New Zealand vs Netherlands,New Zealand,ODI # 4663
545,Mitchell Starc,8.0,0,31,1,3.87,28,2,0,3,0,Australia vs India,Australia,ODI # 4662
546,Josh Hazlewood,9.0,1,38,3,4.22,33,3,1,1,0,Australia vs India,Australia,ODI # 4662
547,Pat Cummins,6.2,0,33,0,5.21,19,2,1,1,1,Australia vs India,Australia,ODI # 4662
548,Glenn Maxwell,8.0,0,33,0,4.12,24,1,1,0,0,Australia vs India,Australia,ODI # 4662
549,Cameron Green,2.0,0,11,0,5.5,7,2,0,0,0,Australia vs India,Australia,ODI # 4662
550,Adam Zampa,8.0,0,53,0,6.62,13,4,0,0,0,Australia vs India,Australia,ODI # 4662
551,Lungi Ngidi,8.0,1,49,1,6.12,30,3,4,2,0,South Africa vs Sri Lanka,South Africa,ODI # 4661
552,Marco Jansen,10.0,0,92,2,9.2,31,10,6,3,0,South Africa vs Sri Lanka,South Africa,ODI # 4661
553,Kagiso Rabada,7.5,0,50,2,6.38,22,3,2,2,1,South Africa vs Sri Lanka,South Africa,ODI # 4661
554,Keshav Maharaj,10.0,0,62,2,6.2,33,6,2,2,0,South Africa vs Sri Lanka,South Africa,ODI # 4661
555,Gerald Coetzee,9.0,0,68,3,7.55,26,7,3,1,0,South Africa vs Sri Lanka,South Africa,ODI # 4661
556,Fazalhaq Farooqi,5.0,0,19,1,3.8,22,2,0,2,0,Afghanistan vs Bangladesh,Afghanistan,ODI # 4660
557,Mujeeb Ur Rahman,7.0,0,30,0,4.28,26,3,1,0,0,Afghanistan vs Bangladesh,Afghanistan,ODI # 4660
558,Naveen-ul-Haq,5.4,0,31,1,5.47,14,2,0,1,1,Afghanistan vs Bangladesh,Afghanistan,ODI # 4660
559,Rashid Khan,9.0,0,48,0,5.33,24,5,0,0,0,Afghanistan vs Bangladesh,Afghanistan,ODI # 4660
560,Mohammad Nabi,6.0,1,18,0,3.0,20,0,0,1,0,Afghanistan vs Bangladesh,Afghanistan,ODI # 4660
561,Azmatullah Omarzai,2.0,0,9,1,4.5,7,1,0,0,0,Afghanistan vs Bangladesh,Afghanistan,ODI # 4660
562,Shaheen Shah Afridi,7.0,0,37,1,5.28,26,5,0,2,0,Pakistan vs Netherlands,Pakistan,ODI # 4659
563,Hasan Ali,7.0,1,33,2,4.71,31,6,0,4,0,Pakistan vs Netherlands,Pakistan,ODI # 4659
564,Haris Rauf,9.0,0,43,3,4.77,33,5,1,2,0,Pakistan vs Netherlands,Pakistan,ODI # 4659
565,Iftikhar Ahmed,3.0,0,16,1,5.33,7,1,0,0,0,Pakistan vs Netherlands,Pakistan,ODI # 4659
566,Mohammad Nawaz,7.0,0,31,1,4.42,23,2,1,0,0,Pakistan vs Netherlands,Pakistan,ODI # 4659
567,Shadab Khan,8.0,0,45,1,5.62,23,1,2,1,0,Pakistan vs Netherlands,Pakistan,ODI # 4659
568,Chris Woakes,6.0,0,45,0,7.5,18,7,1,0,0,England vs New Zealand,England,ODI # 4658
569,Sam Curran,6.0,2,47,1,7.83,17,6,1,2,0,England vs New Zealand,England,ODI # 4658
570,Mark Wood,5.0,0,55,0,11.0,9,7,2,1,0,England vs New Zealand,England,ODI # 4658
571,Moeen Ali,9.2,0,60,0,6.42,20,2,3,0,0,England vs New Zealand,England,ODI # 4658
572,Adil Rashid,7.0,0,47,0,6.71,15,4,1,0,0,England vs New Zealand,England,ODI # 4658
573,Liam Livingstone,3.0,0,24,0,8.0,7,4,0,0,0,England vs New Zealand,England,ODI # 4658
